Nintendo,Nintendo
Good Science Studio,Microsoft Game Studios
Rockstar North,Take-Two Interactive
Polyphony Digital,Sony Computer Entertainment
Infinity Ward/Sledgehammer Games,Activision
Treyarch,Activision
Infinity Ward,Activision
DMA Design,Take-Two Interactive
Game Arts,Nintendo
Retro Studios/Entertainment Analysis & Development Division,Nintendo
Bungie Software/Bungie,Microsoft Game Studios
Ubisoft,Ubisoft
Bungie,Microsoft Game Studios
SquareSoft,Sony Computer Entertainment
343 Industries,Microsoft Game Studios
Hudson Soft,Nintendo
Bethesda Game Studios,Bethesda Softworks
EA Sports,Electronic Arts
Bungie Software,Microsoft Game Studios
Nd Cube,Nintendo
Hudson,Nintendo
Electronic Arts,Electronic Arts
The Sims Studio,Electronic Arts
Game Freak,Nintendo
Rockstar Leeds,Take-Two Interactive
Sledgehammer Games,Activision
EA Sports/EA Vancouver,Electronic Arts
Nintendo EAD Tokyo,Nintendo
EA DICE,Electronic Arts
EA Black Box,Electronic Arts
Ubisoft Paris,Ubisoft
Namco,Sony Computer Entertainment
Naughty Dog,Sony Computer Entertainment
HAL Labs,Nintendo
EA Canada,Electronic Arts
EA LA,Electronic Arts
Epic Games,Microsoft Game Studios
Pipeworks Software/Inc.,505 Games
Rockstar San Diego,Take-Two Interactive
Retro Studios,Nintendo
Blizzard Entertainment,Activision
Reflections Interactive,GT Interactive
Rare Ltd.,Microsoft Game Studios
KCEJ,Konami Digital Entertainment
Kojima Productions,Konami Digital Entertainment
Square Enix,Square Enix
SCE/WWS/Media Molecule,Sony Computer Entertainment
Capcom,Virgin Interactive
Level 5,Nintendo
Traveller's Tales,LucasArts
Taito Corporation,505 Games
Ubisoft Montreal,Ubisoft
Turn 10,Microsoft Game Studios
Rocksteady Studios,Warner Bros. Interactive Entertainment
Intelligent Systems,Nintendo
Core Design Ltd.,Eidos Interactive
EA Tiburon,Electronic Arts
Harmonix Music Systems,RedOctane
Lionhead Studios,Microsoft Game Studios
Neversoft Entertainment,Activision
Neversoft Entertainment/BudCat,Activision
Naughty Dog/SCE/WWS,Sony Computer Entertainment
SCE Santa Monica,Sony Computer Entertainment
TT Fusion,LucasArts
Stormfront Studios,Electronic Arts
Bluepoint Games,Sony Computer Entertainment
Vicarious Visions,Activision
Next Level Games,Nintendo
Konami,Konami Digital Entertainment
Bethesda Softworks,Take-Two Interactive
Ubisoft Paris/Ubisoft Montpellier,Ubisoft
High Moon Studios,Activision
Insomniac Games,Sony Computer Entertainment
Mass Media,Namco Bandai Games
Ready at Dawn,Sony Computer Entertainment
SCEE/Zoe Mode,Sony Computer Entertainment
Valve Software,Vivendi Games
Obsidian Entertainment,Bethesda Softworks
Cat Daddy Games,Take-Two Interactive
Digital Eclipse,Namco Bandai Games
CD Projekt Red Studio,Namco Bandai Games
Ubisoft/Ubisoft Montreal,Ubisoft
Visual Concepts,Take-Two Interactive
Evolution Studios,Sony Computer Entertainment
KCET,Konami Digital Entertainment
SCEA/Zindagi Games,Sony Computer Entertainment
Nintendo/Namco Bandai Games,Nintendo
Massive Entertainment,Ubisoft
Maxis,Electronic Arts
Argonaut Games,Electronic Arts
TOSE,Electronic Arts
Zipper Interactive,Sony Computer Entertainment
Pandemic Studios,LucasArts
Fox Interactive,Electronic Arts
Office Create,505 Games
Team Soho,Sony Computer Entertainment
EA Redwood Shores,Electronic Arts
Certain Affinity,Electronic Arts
Agenda,Nintendo
Gearbox Software,Take-Two Interactive
Kojima Productions/Moby Dick Studio,Konami Digital Entertainment
Media Molecule,Sony Computer Entertainment
Eurocom Entertainment Software,Sony Computer Entertainment
Ubisoft Quebec,Ubisoft
Double Helix Games,LucasArts
Rockstar Toronto,Take-Two Interactive
EA Games,Electronic Arts
Splash Damage/The Coalition,Microsoft Game Studios
Luxoflux/Inc.,Activision
Shiny Entertainment,Atari
Team Bondi,Take-Two Interactive
1st Playable Productions,Disney Interactive Studios
Dimps Corporation/Sonic Team,Sega
Indies Zero,Nintendo
4J Studios,Ubisoft
BioWare,Electronic Arts
Dimps Corporation,Atari
Quantic Dream,Sony Computer Entertainment
Volition Inc.,THQ
Guerrilla,Sony Computer Entertainment
Junction Point,Disney Interactive Studios
Spike/Namco Bandai Games,Atari
LucasArts/BioWare,Electronic Arts
Monolith Productions,Warner Bros. Interactive Entertainment
Sonic Team,Sega
Io Interactive,Eidos Interactive
Respawn Entertainment,Electronic Arts
Sucker Punch,Sony Computer Entertainment
Sumo Digital,Sega
Clap Hanz,Sony Computer Entertainment
OfficeCreate,505 Games
Spark Unlimited,Activision
NetherRealm Studios,Warner Bros. Interactive Entertainment
Irrational Games/2K Marin,Take-Two Interactive
Majesco Games/Majesco,Majesco Entertainment
EA DICE/Danger Close,Electronic Arts
Virtual Toys,Ubisoft
NuFX,Electronic Arts
Criterion Games,Electronic Arts
Toys for Bob,Activision
Warner Bros. Interactive Entertainment/NetherRealm Studios,Warner Bros. Interactive Entertainment
Edge of Reality,Electronic Arts
LucasArts,LucasArts
Artoon,Nintendo
Namco Bandai Games,Namco Bandai Games
Dreamworks Interactive,Electronic Arts
Big Blue Box,Microsoft Game Studios
DC Studios,Disney Interactive Studios
Ubisoft Shanghai,Ubisoft
Slightly Mad Studios,Electronic Arts
Team Fusion,Electronic Arts
Angel Studios,Take-Two Interactive
Ensemble Studios,Microsoft Game Studios
Dice/Danger Close,Electronic Arts
syn Sophia,Nintendo
Yuke's,THQ
Genius Sonority Inc.,Nintendo
Acclaim Studios Cheltenham,Acclaim Entertainment
Headstrong Games,Nintendo
CAProduction,Konami Digital Entertainment
Raven Software,Activision
Midway,Midway Games
From Software,Sony Computer Entertainment
Black Rock Studio,Disney Interactive Studios
Cyan Worlds,Red Orb
THQ,THQ
Rainbow Studios,Sony Computer Entertainment
Black Box,Electronic Arts
Bullfrog Productions,Electronic Arts
Konami Computer Entertainment Hawaii,Konami Digital Entertainment
Techland,Deep Silver
Heavy Iron Studios,THQ
Frontier Developments,Microsoft Game Studios
GREZZO,Nintendo
Rare Ltd./BigPark,Microsoft Game Studios
ArenaNet,NCSoft
WB Games Montreal,Warner Bros. Interactive Entertainment
HAL Labs/Creatures Inc.,Nintendo
Backbone Entertainment,Sega
Sega,Sega
Exakt,Activision
TT Games,Warner Bros. Interactive Entertainment
2K Marin,Take-Two Interactive
5TH Cell,Warner Bros. Interactive Entertainment
Beenox,Activision
Amaze Entertainment,Activision
Bizarre Creations,Microsoft Game Studios
Omega Force,Tecmo Koei
Visceral Games,Electronic Arts
Blue Planet Software,THQ
Matrix Software,Square Enix
Full Fat,Electronic Arts
Helixe,THQ
EA Vancouver,Electronic Arts
Ubisoft Montpellier,Ubisoft
ChunSoft,Nintendo
Midway Studios - San Diego,Midway Games
Acquire,Activision
h.a.n.d. Inc.,Square Enix
Ghost Games,Electronic Arts
Check Six Games,Universal Interactive
PLAYGROUND/Playground Games,Microsoft Game Studios
Aki Corp.,Electronic Arts
Flagship/HAL Labs,Nintendo
Jellyvision,Disney Interactive Studios
Art,THQ
Irrational Games,Take-Two Interactive
Nintendo/Nd Cube,Nintendo
NanaOn-Sha,Sony Computer Entertainment
Factor 5,LucasArts
Papaya Studios,Disney Interactive Studios
SCEI,Sony Computer Entertainment
Krome Studios,LucasArts
Avalanche Studios,Square Enix
Jupiter Corporation,Square Enix
Rockstar Studios,Take-Two Interactive
Altron,Disney Interactive Studios
Creative Assembly,Sega
Sega AM2,Sega
Hangar 13,Take-Two Interactive
BudCat,Activision
Tango Gameworks,Bethesda Softworks
SCEE London Studio,Sony Computer Entertainment
Genuine Games,Vivendi Games
Team Ninja,Microsoft Game Studios
Camelot Software Planning,Nintendo
Red Storm Entertainment,Ubisoft
VIS Entertainment,Take-Two Interactive
Realtime Worlds,Microsoft Game Studios
Monolith Soft,Namco Bandai Games
Terminal Reality,Microsoft Game Studios
Ready at Dawn/SCE Santa Monica,Sony Computer Entertainment
SCE Japan Studio,Sony Computer Entertainment Europe
ArtePiazza,Nintendo
Ubisoft Reflections/Ivory Tower,Ubisoft
Tri-Ace,Ubisoft
Arkane Studios,Bethesda Softworks
3d6 Games,THQ
Magic Pockets,Ubisoft
Artefacts Studio,Mindscape
Hello Games,Hello Games
Activision,Activision Value
Griptonite Games,Electronic Arts
Webfoot Technologies,Infogrames
Farsight Studios,Warner Bros. Interactive Entertainment
Firaxis Games,Take-Two Interactive
Bandai Namco Games,Namco Bandai Games
Rebellion,LucasArts
Shaba Games,Activision
Artificial Mind and Movement,THQ
Paradigm Entertainment,Midway Games
EA Chicago,Electronic Arts
SuperMassive Games,Sony Computer Entertainment Europe
HB Studios Multimedia,THQ
EA Sports Big,Electronic Arts
Spike,Atari
Ninja Theory,Sony Computer Entertainment
EA Montreal,Electronic Arts
id Software,Bethesda Softworks
Avalanche Software,Disney Interactive Studios
Capcom Vancouver,Microsoft Game Studios
Pivotal Games,Gotham Games
MachineGames,Bethesda Softworks
2K Czech,Take-Two Interactive
Mind Candy,Activision
Naughty Dog/Sony Bend,Sony Computer Entertainment
Cavia Inc.,Capcom
The Code Monkeys,Electronic Arts
Amusement Vision,Atari
Genius Sonority Inc./Disney Interactive Studios,Disney Interactive Studios
Sports Interactive,Sega
Genki,Crave Entertainment
Blue Castle Games,Capcom
Barking Lizards,THQ
Zoe Mode,Disney Interactive Studios
Kush Games,Take-Two Interactive
Nihilistic,Activision
WayForward,THQ
Kaos Studios,THQ
Hellbent Games,Warner Bros. Interactive Entertainment
Blitz Games,Hasbro Interactive
BigPark,Microsoft Game Studios
Planet Moon Studios,Electronic Arts
Blue Byte/Related Designs,Ubisoft
EA Bright Light,Electronic Arts
Digital Extremes/2K Marin,Take-Two Interactive
Sand Grain Studios,Activision
Flagship,Nintendo
PlatinumGames,Konami Digital Entertainment
Danger Close,Electronic Arts
Barnstorm Games,Rising Star Games
Incognito Inc.,Sony Computer Entertainment
Exient Entertainment,Electronic Arts
Codemasters,Codemasters
Playground Games,Microsoft Game Studios
Arzest,Nintendo
Crytek,Microsoft Game Studios
Crystal Dynamics,Square Enix
Sega/Sonic Team,Sega
Z-Axis/Ltd.,Acclaim Entertainment
Now Production,Activision
Eidos Montreal,Square Enix
Square Enix/Think and Feel,Square Enix
The Coalition,Microsoft Game Studios
Pitbull Syndicate,Atari
Codemasters Birmingham,Codemasters
Rockstar Vienna,Take-Two Interactive
Remedy Entertainment,Microsoft Game Studios
Steel Monkeys,TDK Mediactive
Acclaim,Acclaim Entertainment
Radical Entertainment,Activision
Good-Feel,Nintendo
SCEA,Sony Computer Entertainment
Namco Bandai Games America/Namco Bandai Games,Namco Bandai Games
Creatures Inc.,Nintendo
Pocket Studios,TDK Mediactive
M2,Atari
Melbourne House,Atari
Ubisoft Sofia,Ubisoft
ZeniMax Media,Bethesda Softworks
Snowblind Studios,Sony Oznline Entertainment
Lexis Numerique/Virtual Toys,Ubisoft
Opus/Project Sora,Nintendo
Nintendo/Spike Chunsoft,Nintendo
CyberConnect2,Atari
3G Studios,Deep Silver
Tamsoft,Sony Computer Entertainment
THQ/Yuke's,THQ
Virtuos,Square Enix
Nixxes Software,Eidos Interactive
Slant Six,Sony Computer Entertainment
Tarsier Studios/Double Eleven,Sony Computer Entertainment
Spike Chunsoft Co. Ltd./Spike Chunsoft,Nintendo
Chris Sawyer,Atari
49Games,RTL
Oddworld Inhabitants,GT Interactive
High Voltage Software,D3Publisher
neo Software,Take-Two Interactive
Savage Entertainment,LucasArts
Nex Entertainment,Sega
Surreal Software,Black Label Games
Climax Group,SouthPeak Games
Locomotive Games,THQ
Nintendo/Nintendo Software Technology,Nintendo
Omega Force/Tecmo Koei Games,Namco Bandai Games
Light Weight,Sony Computer Entertainment
City Interactive,City Interactive
Vingt-et-un Systems,Take-Two Interactive
K2 LLC,Activision
Ambrella,Nintendo
Day 1 Studios,Microsoft Game Studios
Level 5/Brownie Brown,Nintendo
United Front Games,Sony Computer Entertainment
Ryu ga Gotoku Studios,Sega
Atlus,Atlus
Ruffian Games,Microsoft Game Studios
Mercury Steam,Konami Digital Entertainment
MTO,Ubisoft
EA Redwood Shores/EA Salt Lake,Electronic Arts
Sony Online Entertainment,Activision
Big Sky Software,THQ
Visual Impact,Ubisoft
Ubisoft Shanghai/Paris,Ubisoft
PopCap,Electronic Arts
Electronic Arts/Rebellion,Electronic Arts
SCEE,Sony Computer Entertainment
Page 44 Studios,Electronic Arts
FreeStyleGames,Activision
Mad Doc Software/Rockstar Vancouver,Take-Two Interactive
Blizzard North,Vivendi Games
Arika,Nintendo
Barnhouse Effect,Play It
Vigil Games,THQ
n-Space,Activision
Black Lantern Studios,Take-Two Interactive
Microsoft Game Studios,Microsoft Game Studios
Sega AM3,Sega
Tecmo,Sony Computer Entertainment
8ing/Raizing,Nintendo
Electronic Arts/EA Redwood Shores,Electronic Arts
Splash Damage,Bethesda Softworks
Studio Liverpool,Sony Computer Entertainment
Red Storm Entertainment/Ubisoft Paris,Ubisoft
Tantalus Interactive/Tantatus/Nintendo,Nintendo
Crystal Dynamics/Nixxes Software,Eidos Interactive
Avanquest Software,GSP
Bigbig Studios,Sony Computer Entertainment
EA Salt Lake,Electronic Arts
Longtail Studios,Ubisoft
Powerhead Games,Ubisoft
Epic Games/People Can Fly,Electronic Arts
Sega/Dimps Corporation,Sega
Koei,Nintendo
Hyde,Disney Interactive Studios
Project Aces,Atari
Team Ninja/Tecmo,Tecmo Koei
Razorworks Studios,Empire Interactive
989 Sports,Sony Computer Entertainment
UBlart Montpellier,Ubisoft
Free Radical Design,Ubisoft
DreamFactory,Sony Computer Entertainment
Incinerator Games,THQ
Route 1 Games,Ubisoft
Rockstar London,Take-Two Interactive
Ubisoft Toronto,Ubisoft
Double Fine Productions,Electronic Arts
Turtle Rock Studios,Take-Two Interactive
Giants Software,Focus Home Interactive
Vicarious Visions/Neversoft Entertainment,Activision
Blue Tongue Entertainment,THQ
Overworks,Sony Computer Entertainment
Monster Games Inc.,Nintendo
Atari,Unknown
Coresoft,Play It
SuperBot Entertainment,Sony Computer Entertainment
Ubisoft Reflections,Ubisoft
Monkey Bar Games,Koch Media
Alfa System,Sega
Buzz Monkey,Activision
Rockstar Vancouver,Take-Two Interactive
SCEA San Diego Studios,Sony Computer Entertainment
Neko Entertainment,Game Factory
Square Enix/h.a.n.d. Inc.,Square Enix
UDS,Ubisoft
KCE Studios,Konami Digital Entertainment
Titus Software,Titus
Black Ops Entertainment,Electronic Arts
ImaginEngine,THQ
Tantalus Interactive,THQ
Mistwalker/Artoon,Microsoft Game Studios
Marvelous AQL,Marvelous Entertainment
Xpec,Activision
Mistwalker,Microsoft Game Studios
Blitz Games Studios,THQ
KCEK,Konami Digital Entertainment
Sony Bend,Sony Computer Entertainment
RED Entertainment,Nintendo
FASA Studio,Microsoft Game Studios
Runecraft,TalonSoft
Big Huge Games,Electronic Arts
Media Molecule/United Front Games,Sony Computer Entertainment
SCi,SCi
Cooking Mama Limited,505 Games
Disney Interactive Studios,Disney Interactive Studios
Red Fly Studio,Atari
Cygames,Square Enix
Rage Software,Rage Software
Toolbox Design,Empire Interactive
Team 17,Sony Computer Entertainment
Dimps Corporation/Namco Bandai Games,Atari
Land Ho!,Ubisoft
Asobo Studio,THQ
Eutechnyx,Empire Interactive
Gearbox Software/3D Realms,Take-Two Interactive
Digital Anvil,Microsoft Game Studios
Treyarch/Sledgehammer Games,Activision
Marvelous Entertainment,Rising Star Games
EA Seattle,Electronic Arts
Big Blue Bubble Inc.,Scholastic Inc.
Indie Built,Microsoft Game Studios
Ludia Inc.,Ubisoft
Evolution Games,THQ
Atlus Co.,Atlus
Capcom/Pipeworks Software/Inc.,Capcom
Gevo Entertainment,Ubisoft
Gorilla Systems,Disney Interactive Studios
Guerilla Cambridge,Sony Computer Entertainment Europe
Marvelous,Ubisoft
Gorilla Games,THQ
Deibus Studios,Take-Two Interactive
Square Enix/Tri-Ace,Square Enix
Novarama,Sony Computer Entertainment
Sumo Digital/Playground Games,Microsoft Game Studios
Trilobyte,Virgin Interactive
Silicon Knights,Microsoft Game Studios
Digital Illusions,Vivendi Games
Kush Games/Visual Concepts,Take-Two Interactive
iNiS,Microsoft Game Studios
EA Canada/Nihilistic,Electronic Arts
Eden Studios,Electronic Arts
David A. Palmer Productions,THQ
Artificial Mind and Movement/Polygon Magic,Sega
Acclaim Studios Austin,Acclaim Entertainment
Tetris Online/Inc,Nintendo
Dancing Dots,Nobilis
Piranha Games,Electronic Arts
LucasArts/Red Fly Studio,LucasArts
Game Republic,Sony Computer Entertainment
Project Soul,Namco Bandai Games
Kouyousha,Big Ben Interactive
Propaganda Games,Touchstone
JGI Entertainment,Midway Games
Digital Extremes,Atari
Brownie Brown,Nintendo
Natsume,Rising Star Games
Arc System Works,Atlus
Takara,Atari
CyberConnect2/Racjin,Namco Bandai Games
Dearsoft,Codemasters
Paradox Development,Activision
2K Australia,Take-Two Interactive
Realism Ltd,Atari
Bandai,Namco Bandai Games
Human Soft,Activision
Jester Interactive,Jester Interactive
Equinoxe,Universal Interactive
Pacific Coast Power & Light,THQ
Koei/Omega Force,Tecmo Koei
id Software/Nerve Software,Activision
Eighting/Genius Sonority Inc.,Square Enix
Reality Pump,SouthPeak Games
Virtucraft,Majesco Entertainment
Illusion Softworks,Illusion Softworks
SCEA/Sims,Sony Computer Entertainment
Kalypso,Konami Digital Entertainment
Midway Studios - Los Angeles,Midway Games
Ubisoft Milan,Ubisoft
Fuse Games Limited,Nintendo
Pyramid,Atari
Hypnos Entertainment,Electronic Arts
Black Isle Studios,Interplay
Gaijin Entertainment,505 Games
Eden,Atari
Blue Fang Games,THQ
Sanzaru Games,Sony Computer Entertainment
Tomy Corporation,Tomy Corporation
Secret Level,Sega
Nerve Software,Activision
Trion Worlds,Unknown
BioWare/Demiurge Studios,Electronic Arts
Engine Software,505 Games
RED Entertainment/Artdink,Nintendo
Cunning Developments,Take-Two Interactive
Starbreeze,Take-Two Interactive
Delphine Software International,Electronic Arts
Gameloft,Ubisoft
Grasshopper Manufacture,Warner Bros. Interactive Entertainment
Shift/Bandai Namco Games,Namco Bandai Games
Dimps Corporation/SCE Japan Studio,Sony Computer Entertainment
Krome Studios/Screenlife Games,Microsoft Game Studios
Suzak,Nintendo
Iron Galaxy Studios,Take-Two Interactive
GenePool,Activision
Ubisoft Casablanca,Ubisoft
Epicenter Studios,Rondomedia
KCEA,Konami Digital Entertainment
Adrenium,Activision
Juice Games,THQ
id Software/Raven Software,Activision
SEGA Racing Studio,Sega
Clover Studio,Capcom
SuperVillain Studios,Vivendi Games
EA Sports/EA Canada,Electronic Arts
MagicWand,Activision
Media Vision/Contrail,Ubisoft
Paon Corporation,Nintendo
Lab Rats Games,Play It
Vicious Cycle,TDK Mediactive
Cinegroupe,Gotham Games
High Impact Games,Sony Computer Entertainment
Skyworks Technologies,Majesco Entertainment
Robomodo,Activision
Ascaron Entertainment GmbH/Ascaron Entertainment,Deep Silver
2K Sports,Spike
FUN Labs,Activision
Appaloosa Interactive,THQ
Vanillaware,Rising Star Games
Endemol,Activision
Dreamworks Games,Electronic Arts
Atomic Planet Entertainment,Capcom
Coldwood Interactive,Sony Computer Entertainment
Valuewave Co. Ltd.,Capcom
Pam Development,Take-Two Interactive
Ubisoft Romania,Ubisoft
Spicy Horse,Electronic Arts
Overkill Software,505 Games
Midway Studios - Austin,Midway Games
Bunkasha Publishing,Activision
Nippon Ichi Software,Nippon Ichi Software
Neverland,Xseed Games
Silicon Studio,SouthPeak Games
Namco Bandai Games/Bandai Namco Games,Namco Bandai Games
Vanilla Ware,Square Enix
Full-Fat,Zoo Digital Publishing
Etranges Libellules,Vivendi Games
Relic,THQ
Collision Studios,Majesco Entertainment
Anchor,THQ
Racjin,Square Enix
Magenta Software,Vivendi Games
Awesome Studios,Ignition Entertainment
Behaviour Interactive,Warner Bros. Interactive Entertainment
Pipe Dream Interactive,Codemasters
Bullets,Square Enix
Aspect,Konami Digital Entertainment
Deep Space,Sony Computer Entertainment
Inti,Capcom
Bam Entertainment,3DO
THQ Digital Studio Phoenix,THQ
Brain Toys,THQ
Hothouse Creations,Codemasters
Nuevo Retro Games,Deep Silver
Digital Kids,Ubisoft
Yager,Take-Two Interactive
Omega Force/Koei Tecmo Games,Tecmo Koei
4A Games,THQ
Cing,Nintendo
WXP,Activision
Cerasus Media,Destineer
Inevitable Entertainment,Vivendi Games
Destineer,Ubisoft
Eighting,Capcom
SCEA Sports Studio,Sony Computer Entertainment
Keen Games,Disney Interactive Studios
Storm City Games,Rondomedia
ValuSoft,Mindscape
High Voltage Software/Ubisoft Paris,Ubisoft
GRIN,Warner Bros. Interactive Entertainment
Q-Games,Nintendo
Raster,Activision
Vivarium,Sega
VU Games,Konami Digital Entertainment
Machatin/Inc.,505 Games
Point of View,Midway Games
City Interactive/Deck 13,Square Enix
T&E Soft,Electronic Arts
Climax Group/Climax Studios,Konami Digital Entertainment
HexaDrive,Square Enix
Jupiter Corporation/Jupiter Multimedia,Disney Interactive Studios
Blade Interactive,Midas Interactive Entertainment
Factor 5/SCE/WWS,Sony Computer Entertainment
SCE Japan Studio/comcept,Sony Computer Entertainment
WBIE,Sony Online Entertainment
Warthog,Warner Bros. Interactive Entertainment
AWE Games,THQ
Contraband Entertainment,Activision
Eugen Systems,Ubisoft
Quest,Nintendo
Kuusou Kagaku,ASCII Entertainment
HandMade Game,Nintendo
7 Studios,Activision
Blue Tongue,THQ
Humongous Entertainment,Atari
Pocketeers,Zoo Digital Publishing
Harmonix Music Systems/Backbone Entertainment,MTV Games
Scholastic/Inc.,Scholastic Inc.
Screenlife Games/WXP,Microsoft Game Studios
Totally Games,LucasArts
Ratbag,Ignition Entertainment
SCEJ,Sony Computer Entertainment
Razorworks,Xplosiv
New,Empire Interactive
Beyond Games,THQ
Teyon,Level 5
Ubisoft Barcelona/Ubisoft Reflections,Ubisoft
Eurocom Entertainment Software/Visceral Games,Electronic Arts
Nintendo/Headstrong Games,Nintendo
Shin'en,THQ
Creations,Activision
Crave,Ignition Entertainment
Vatra,Konami Digital Entertainment
Treasure,Sega
Human Soft/Ivolgamus,Activision
Eighting/Raizing,Infogrames
505 Games,Ubisoft
Studio Gigante,THQ
Wideload Games Inc.,Disney Interactive Studios
Farsight Studios/Crave,505 Games
Computer Artworks,Vivendi Games
Saffire,Activision
Nintendo/Camelot Software Planning,Nintendo
Team 17/Two Tribes,THQ
Square Enix/TOSE,Square Enix
Kuju Entertainment,Ubisoft
Humagade,Activision
Q Entertainment,Ubisoft
Tri-Crescendo,Atari
Tenyo,Nintendo
LucasArts/Krome Studios,LucasArts
Idea Factory/Compile Heart,Tecmo Koei
Kamui,Namco Bandai Games
Ubisoft/Sensory Sweep,Ubisoft
War Drum Studios,Atari
TOYBOX,Rising Star Games
Sunrise Interactive,Namco Bandai Games
Hijinx Studios,Warner Bros. Interactive Entertainment
Game Machine Studios,THQ
Mastiff,Mastiff
Gust,Nippon Ichi Software
Ritual Entertainment/Avalanche Software,Eidos Interactive
D3Publisher,D3Publisher
Psygnosis,Psygnosis
Armature Studio,Warner Bros. Interactive Entertainment
RedLynx,Ubisoft
Creat Studios,Zoo Digital Publishing
Phoenix Games Studio,Ubisoft
Nintendo/Intelligent Systems,Nintendo
Telegames,Telegames
Bluehole Studio,Unknown
Spike Chunsoft,Screenlife
Red Storm Entertainment/Ubisoft Montreal,Ubisoft
Saber Interactive,Vivendi Games
Idol Minds,Sony Computer Entertainment
Maximum Games,Focus Home Interactive
Knowledge Adventure Inc.,Knowledge Adventure
Harmonix Music Systems/Demiurge Studios,MTV Games
Shift,Namco Bandai Games
Torus Games,Activision
Triumph Studios,Codemasters
DONTNOD Entertainment,Square Enix
Twisted Pixel Games,Microsoft Game Studios
Zoo Games,Zoo Games
Zen Studios,Atari
Victor Interactive Software,Unknown
Frogwares/Mistic Software,Focus Home Interactive
Firebrand Games,Sega
Prope,Namco Bandai Games
Wow Entertainment,Sega
Monolith Soft/Banpresto,Namco Bandai Games
Sega Studios San Francisco,Sega
Ganbarion,Namco Bandai Games
Milestone S.r.l,Capcom
Red Tribe,Warner Bros. Interactive Entertainment
Red Zone Entertainment,Sony Computer Entertainment
Amuze,Sega
Uacari,Avanquest
Bugbear,Empire Interactive
Cyberlore Studios,Atari
Lightning Fish Games,Black Bean Games
Crafts & Meister,Atari
Open Sesame,Natsume
3DO,3DO
Blueside,Microsoft Game Studios
Arcade Moon,Destineer
Noise Inc.,Nintendo
2K Games,Take-Two Interactive
Psyonix,505 Games
Playbox Limited,Ubisoft
Takara Tomy,Takara Tomy
KCEO,Konami Digital Entertainment
Zombie Studios,Konami Digital Entertainment
Bandai Namco Games/Artdink,Namco Bandai Games
Pax Softonica,Nintendo
Zener Works,Sony Computer Entertainment
RED Entertainment/Spike Chunsoft,Nintendo
Cattle Call,Sony Computer Entertainment
Inland Productions,Midway Games
Take-Two Interactive,Take-Two Interactive
CokeM Interactive,Scholastic Inc.
ITL,Nintendo
Sandlot,D3Publisher
Hypnotix,Global Star
Vir2L Studios,Bethesda Softworks
Airtight Games,Capcom
Deep Silver Dambuster Studios,Deep Silver
WildTangent,Microsoft Game Studios
Destination Software,Zoo Digital Publishing
Brash Entertainment,Brash Entertainment
Haemimont,Kalypso Media
High Voltage Software/Backbone Entertainment,Global Star
Nadeo,Ubisoft
Impulse Games,THQ
Sennari Interactive,Atari
Gas Powered Games,Square Enix
Tantatus,THQ
Starfish,505 Games
Buena Vista Interactive,Disney Interactive Studios
Cohort Studios,Sony Computer Entertainment
Ubisoft/Powerhead Games,Ubisoft
EA Canada/EA Vancouver,Electronic Arts
Inti Creates,Capcom
Fizz Factor,Majesco Entertainment
Ion Storm,Eidos Interactive
SNK Playmore,Rising Star Games
Smart Bomb Interactive,Activision
Amaze Entertainment/Griptonite Games,Activision
SunSoft,Capcom
Lancarse/Atlus,Nintendo
Capcom/Klein Computer Entertainment,Capcom
Terminal Reality/4mm Games,Konami Digital Entertainment
AI,Hudson Soft
Eidos Interactive,Eidos Interactive
Smack Down Productions,Zoo Games
Nobilis,SouthPeak Games
Polygon Magic,Sega
Buzz Monkey/EA Montreal,Electronic Arts
Atlus/Dingo Inc.,Nippon Ichi Software
Opus,Ubisoft
Venom Games,Take-Two Interactive
Game Republic/JapanStudio,Sony Computer Entertainment
CodeFire,Atari
Phantagram,Deep Silver
Mercury Steam/Alchemic Productions,Codemasters
SScholastic Media,Scholastic Inc.
Access Games,Square Enix
Image Epoch/Imageepoch,Marvelous Interactive
Human Head Studios,Warner Bros. Interactive Entertainment
Big Red Button Entertainment,Sega
Blue Byte,Ubisoft
Wildfire Studios,Take-Two Interactive
MumboJumbo,Rondomedia
Sidhe Interactive,Home Entertainment Suppliers
Inti/Inti Creates,Capcom
Magix,Magix
Mucky Foot Productions,Activision
Denyu-Sha,Ubisoft
Ronin Entertainment,Universal Interactive
Disney Interactive,Sony Computer Entertainment
Artdink,Namco Bandai Games
Shade,Activision
Prolific,TDK Mediactive
SCE Studio Cambridge,Sony Computer Entertainment
Sinister Games,Unknown
Banpresto/SoftMax,Banpresto
Mahou,Midas Interactive Entertainment
Graphic State,THQ
Wizarbox,Ubisoft
Hyperspace Cowgirls,THQ
Related Designs,Deep Silver
The Workshop,Sony Computer Entertainment
Neversoft Entertainment/Underground Development,Activision
Simon & Schuster,TDK Mediactive
Banpresto,505 Games
DoubleTap Games,Warner Bros. Interactive Entertainment
Mistic Software,Atari
IR Gurus,Codemasters
LightBox Interactive,Sony Computer Entertainment
Akella,Ubisoft
Game Brains,Avanquest
Circus Freak,Infogrames
Infinite Interactive,Capcom
Wargaming.net,Wargaming.net
Game Titan,Interplay
Sacnoth,Midway Games
Cave,Rising Star Games
Sanuk Games,GSP
Just Add Monsters,Microsoft Game Studios
Sims,Zushi Games
Volatile Games,Namco Bandai Games
Media Vision,505 Games
Ignition Entertainment,Ignition Entertainment
Zindagi Games,Sony Computer Entertainment
Zoom,Eidos Interactive
Sensory Sweep,Warner Bros. Interactive Entertainment
Telltale Games,Ubisoft
Sega Toys,Activision
Presto Studios,Ubisoft
Ornith,Take-Two Interactive
Zoe Mode/HB Studios Multimedia,Konami Digital Entertainment
Activision/FreeStyleGames,Activision
Attention To Detail,Eidos Interactive
Crawfish Interactive,Infogrames
Rockstar Toronto/Rockstar Leeds,Take-Two Interactive
HotGen,Activision
Amble,Konami Digital Entertainment
Gusto Games,Storm City Games
GameMill Publishing/1st Playable Productions,GameMill Entertainment
The Learning Company,Nordic Games
Mac Play/MacPlay,Mumbo Jumbo
Ubisoft Vancouver,Ubisoft
Majesco Games,Majesco Entertainment
TimeGate Studios,SouthPeak Games
Pacific Century Cyber Works,Pacific Century Cyber Works
LDW/Big Fish Games,Majesco Entertainment
Rocksteady Studios/Virtuos,Warner Bros. Interactive Entertainment
Smilebit,Sega
Blue Shift,Midway Games
Rovio Mobile/Rovio Entertainment,Activision
Metro,Enix Corporation
iWin,Majesco Entertainment
Treyarch/Shaba Games,Activision
Prokion,Eidos Interactive
2K Shanghai,Take-Two Interactive
Artech Studios,Electronic Arts
Crispy's,Sony Computer Entertainment
Left Field Productions,Activision
Mitchell,Nintendo
Activision Value,Activision
Cyanide/Cyanide Studios,Focus Home Interactive
AQ Interactive,Ubisoft
Starfish SD,505 Games
FuRyu,FuRyu
Sony Interactive Entertainment,Sony Computer Entertainment
InXile Entertainment,Bethesda Softworks
2015,Vivendi Games
Tornado Studios,Atari
Stainless Games,Ubisoft
ZootFly,Deep Silver
Empire Interactive,Empire Interactive
Southend Interactive,Ubisoft
Amaze,Activision
Y's K,Ubisoft
Data Design Interactive,Atari
Bec,Namco Bandai Games
Io Interactive/Nixxes Software,Square Enix
Handheld Games,Disney Interactive Studios
Tamsoft/D3Publisher,Nippon Ichi Software
Falcom,Nihon Falcom Corporation
Metro Graphics,THQ
Lucky Chicken,ValuSoft
Matrix Software/Marvelous Entertainment,Rising Star Games
Nautilus,Midway Games
Hasbro Interactive,Hasbro Interactive
Frogwares,Focus Home Interactive
Oxygen Interactive,Oxygen Interactive
Revolution Software,Ubisoft
Larian Studios,DTP Entertainment
Blueshift,Sega
Compile Heart,Nippon Ichi Software
SolWorks,Sony Computer Entertainment
Magic Pixel Games,Sony Computer Entertainment
Gratuitous Games,Activision
Sanrio Digital,Namco Bandai Games
Griffin International,XS Games
K2,Rising Star Games
Hudson/NATSUME ATARI Inc.,Hudson Soft
Jet Black Games,THQ
Bits Studios,Kemco
Piranha Bytes,Deep Silver
Alphadream Corporation,Nintendo
Tecmo Koei Games,Nintendo
Phoenix Interactive Entertainment,Ubisoft
Tecmo/Ntreev Soft,Nintendo
Monumental Games,Capcom
Climax Entertainment,Sega
Aspect/Takara Tomy,Nintendo
Secret Stash Games,Eidos Interactive
GungHo,GungHo
Beyond Reality,Zoo Digital Publishing
Fall Line Studio,Disney Interactive Studios
SoftMax,505 Games
Bit Town,Sammy Corporation
Phoenix Entertainment,Ubisoft
Career Soft,Rising Star Games
Ubisoft Sao Paulo,Ubisoft
Stealth Studios,Activision
Mobius Entertainment,Codemasters
Pseudo Interactive,Sega
Rhino Studios,Unknown
Ivory Tower,Ubisoft
Backbone Vancouver,Namco Bandai Games
Irem,Agetec
Kodiak Interactive,Electronic Arts
Digital Fiction,N/A
MASA Group,Ubisoft
Classic Media Distribution Limited,Ubisoft
Swordfish Studios,THQ
ThatGameCompany,Sony Computer Entertainment Europe
Creative Patterns,Ubisoft
Osiris Studios,Acclaim Entertainment
Deep Silver/Sproing Interactive Media/Sproing,Deep Silver
Gunnar Games,Avanquest
2XL Games,THQ
Super X Studios,Majesco Entertainment
Jellyvision/Iron Galaxy Studios,THQ
Bongfish,Zushi Games
Cranky Pants Games,THQ
Sun-Tec,Ubisoft
Alpha Unit,Konami Digital Entertainment
Gimagin Games,505 Games
Sanzaru Games/Sanzaru Games/Inc.,Sony Computer Entertainment
CCP,CCP
Hitmaker,Sega
SCEA/Think and Feel,Sony Computer Entertainment
MicroProse/n-Space,505 Games
Studio Saizensen,Agatsuma Entertainment
Ubisoft Annecy,Ubisoft
Pyro Studios,Sega
WideScreen Games,Electronic Arts
Gaming Minds Studios,Kalypso Media
Omega Force/Koei Canada,Tecmo Koei
Aspyr,Aspyr
Cauldron Ltd.,Activision
Sega/Tom Create,Sega
Mad Catz,Mad Catz
Examu,PQube
Merscom LLC,Merscom LLC
Vivendi Games,Vivendi Games
RFX Interactive,TDK Core
FeelPlus,Konami Digital Entertainment
Spiders,Focus Home Interactive
GCP1,Konami Digital Entertainment
Nordcurrent,Nordcurrent
Zono Inc.,Electronic Arts
Software Creations,Electronic Arts
Pixel Tales,Activision
Magic Rings,Media Rings
Artificial Mind and Movement/EA Redwood Shores,Electronic Arts
Santa Cruz Games,Eidos Interactive
Seta Corporation,Activision
BottleRocket Entertainment,Sony Computer Entertainment
Skip Ltd.,Unknown
SME Dynamic Systems Limited,505 Games
Game Sauce,Zoo Digital Publishing
Cinemaware,Capcom
Games Farm,bitComposer Games
Ubisoft/Ludia Inc.,Ubisoft
Tecmo Koei Canada,Tecmo Koei
Spellbound,JoWood Productions
Buena Vista Games,Disney Interactive Studios
Independent Arts,Midway Games
Panic Button,Majesco Entertainment
Jack of All Games,Mastiff
Escape,Electronic Arts
Mad Doc Software,Ubisoft
Kronos Digital Entertainment,Eidos Interactive
Coyote Developments,Gathering of Developers
5pb,Marvelous Interactive
NaturalMotion,Unknown
Hydravision,Atari
Marvelous Inc.,Marvelous Interactive
Big Ant Studios,THQ
Performance Designed Products,Performance Designed Products
Backbone Emeryville,Electronic Arts
Gust/Idea Factory,Nippon Ichi Software
Lost Toys,Take-Two Interactive
UFO Interactive,UFO Interactive
OneNine Studios,Namco Bandai Games
Gogii Games,Astragon
Eighting/Takara Tomy,505 Games
Bitmap Brothers,Empire Interactive
Koei Tecmo Games,Tecmo Koei
Replay Studios/ML Enterprises,DTP Entertainment
Namco Bandai Games/Cellius,Namco Bandai Games
Magellan Interactive,Destineer
SimBin,Atari
Swingin' Ape,Vivendi Games
Funcom,Funcom
Konami Computer Entertainment Nagoya,Konami Digital Entertainment
Joindots,PlayV
Asylum Entertainment,SouthPeak Games
Jaleco Entertainment,Jaleco
Deep Silver,Deep Silver
EKO Software,Game Factory
Playlogic/The Game Factory,Playlogic Game Factory
Experience Inc.,Nippon Ichi Software
Human Entertainment,Human Entertainment
Kylotonn,DTP Entertainment
Stalker Entertainment,BAM! Entertainment
Renegade Kid,SouthPeak Games
Eiconic Games,Performance Designed Products
DMi Games,Deep Silver
Blitz Games/Human Soft,Namco Bandai Games
Game Life,Game Life
Cyanide,Focus Home Interactive
Buddiez/Inc.,Ignition Entertainment
Lucas Learning,LucasArts
Amaze Entertainment/Walt Disney Japan,Disney Interactive Studios
Sega/French-Bread,Sega
FireFly Studios,N/A
Asmik Ace Entertainment/Inc,Sammy Corporation
WinkySoft,Konami Digital Entertainment
Gearbox Software/WayForward,Sega
Ludia,Ubisoft
Darkworks,Infogrames
Hudson Entertainment,Konami Digital Entertainment
Namco Bandai Games America,Namco Bandai Games
Omiya Soft/Jamsworks,Namco Bandai Games
10tacle Studios,Atari
Disney Interactive Studios/Land Ho!,Ubisoft
Lexis Numerique,Ubisoft
Atari/Transmission Games/Atari SA,Ubisoft
System 3,System 3
eGames,Destineer
Sony Online Entertainment/Mind Control Software,Sony Online Entertainment
Carbine Studios,NCSoft
Tenky,Konami Digital Entertainment
N-Fusion Interactive Entertainment Corp.,Vir2L Studios
Taniko,TDK Mediactive
Compile Heart/GCREST,Nippon Ichi Software
Broadsword Interactive,Acclaim Entertainment
Game Arts/Seta Corporation,Microsoft Game Studios
Aqua Plus,Nippon Ichi Software
Croteam,Take-Two Interactive
Zombie,Atari
Le Cortex,Nordic Games
The Game Factory,Game Factory
THQ Australia,THQ
Ubisoft Nagoya,Ubisoft
Hypnos,Activision
Interchannel,505 Games
Genki/Kojima Productions,Konami Digital Entertainment
Warner Bros. Interactive Entertainment,Warner Bros. Interactive Entertainment
Her Interactive,Sega
THQ/Altron,THQ
Netherock Ltd.,Electronic Arts
Felistella,Namco Bandai Games
Armature Studio/comcept,Microsoft Game Studios
Ubisoft Bulgaria,Ubisoft
Re-Logic,Unknown
Two Tribes,Game Factory
Sick Puppies,Empire Interactive
Firehazard Studio,The Adventure Company
Nicalis,Nippon Ichi Software
Tommo,UFO Interactive
Zerodiv,Acquire
Liquid Entertainment,Sega
Sting,Atlus
Mix Max,Codemasters
Sandlot Games/Digital Embryo,Majesco Entertainment
Microvision,Namco Bandai Games
Million,Arc System Works
Ntreev Soft,Takara Tomy
Dorasu,Nobilis
Epics,Sony Computer Entertainment
Westwood Studios,Electronic Arts
FrontLine Studios,Zoo Digital Publishing
Studio 33,Sony Computer Entertainment
Bohemia Interactive,505 Games
Colossal Order,Paradox Interactive
Flight-Plan,Banpresto
Yacht Club Games,Yacht Club Games
Seven45 Studios,Unknown
TopWare Interactive,SouthPeak Games
The Fun Pimps Entertainment LLC,Telltale Games
Astroll,505 Games
Next Entertainment,Atari
Legacy Interactive,JoWood Productions
Transmission Games,Ubisoft
K2/Kurogane,Rising Star Games
Gaijin Games,Rising Star Games
Culture Brain,Disney Interactive Studios
Beenox/Other Ocean Interactive,Activision
Tripwire Interactive,Tripwire Interactive
JV Games Inc.,Electronic Arts
Top Heavy Studios,Gathering of Developers
Dreamcatcher,DreamCatcher Interactive
DSI Games,Zoo Digital Publishing
Ubisoft/Moss,Ubisoft
Atari/Atari SA,Atari
Pam Development/2K Sports,D3Publisher
Microids/Dreamcatcher,Mindscape
Virtual Air Guitar Company,Black Bean Games
Big Blue Bubble Inc./Scholastic/Inc.,Scholastic Inc.
Venan Entertainment/Cashmere Prod.,SouthPeak Games
Sunflowers Interactive,Touchstone
Rocksteady Studios/Iron Galaxy Studios,Warner Bros. Interactive Entertainment
Deck 13,DTP Entertainment
IR Gurus Interactive Ltd.,Codemasters
Phosphor Games Studio/LLC,Warner Bros. Interactive Entertainment
Slam Games,Zoo Digital Publishing
Outrage Games,THQ
Platinum Egg,Natsume
Attention Software,Electronic Arts
Premium Agency,Namco Bandai Games
Syscom,Take-Two Interactive
GlyphX Games,THQ
ACOT,Ubisoft
Axis Entertainment,XS Games
Hot Lava Games,Funsta
Nfusion,Midway Games
eV Interactive,Mastiff
Kokolo Corporation,Majesco Entertainment
Curly Monsters,Microsoft Game Studios
Curious Pictures,THQ
Psikyo,Midas Interactive Entertainment
Tiertex Design Studios,Electronic Arts
Graffiti Entertainment,Graffiti
Deep Fried Entertainment,Take-Two Interactive
Warashi,D3Publisher
Beep Industries,Microsoft Game Studios
I-Imagine,BAM! Entertainment
Stormregion,Deep Silver
Mindscape Inc./Mindscape,Mindscape
Kung Fu Factory,505 Games
Game Arts/Japan Art Media (JAM),Rising Star Games
Midway Studios - Newcastle,Midway Games
Infogrames,Infogrames
BIP Games,Atari
EM Studios,Zushi Games
Acclaim Studios Manchester,Acclaim Entertainment
Prope/Kadokawa,Nippon Ichi Software
Cosmigo,Telegames
Zeroscale,Zoo Digital Publishing
Moss,Moss
369 Interactive,Ubisoft
puzzle.tv,Telegames
Visual Sciences,Electronic Arts
Animation Arts,Deep Silver
Razorback Developments,THQ
Nippon Ichi Software/Hit Maker,Nippon Ichi Software
Tactical Development,Global Star
Artificial Studios/Immersion Software & Graphics,SouthPeak Games
Empire Oxford,Empire Interactive
Most Wanted Entertainment,Midway Games
Funatics Software/Funatics,Ubisoft
Microsoft Game Studios Japan,Microsoft Game Studios
SNK,SNK
Black Hole Games,Deep Silver
Frima Studio,THQ
Agatsuma Entertainment,O3 Entertainment
EA Tiburon/n-Space,Electronic Arts
Halfbrick Studios,THQ
WorkJam,PQube
Void Productions,Majesco Entertainment
Trickstar Games,Deep Silver
Santa Entertainment,Funbox Media
Digital Embryo,Majesco Entertainment
Micro Cabin,Tecmo Koei
Big Head Games Ltd.,505 Games
Guildford Studio,Codemasters
Big Blue Entertainment,Zoo Games
Amaze Entertainment/Vivendi Games,Vivendi Games
Supersonic Software,Hasbro Interactive
Bionic Games,Capcom
Various,Sony Computer Entertainment
Aqua Pacific/In2Games,Valcon Games
BeeWorks,505 Games
Mere Mortals,Ubisoft
Coyote Console,Zoo Digital Publishing
Happy Happening,505 Games
Zed Two Limited,3DO
Pentavision Entertainment,PM Studios
XPEC Entertainment Inc.,The Adventure Company
Behavior Studios,Electronic Arts
Immersion Software & Graphics,Konami Digital Entertainment
Gameinvest,Oxygen Interactive
Vanguard,Atlus
Koolhaus Games,Activision
Idea Factory,Ackkstudios
KING Art,HMH Interactive
Deep Silver/Keen Games,Deep Silver
Microids,Microids
Koei/Inis,THQ
Seamless Entertainment/Inc.,Tecmo Koei
Petroglyph,Sega
Joindots/Mastertronic,Mastertronic
Arts Software,Eidos Interactive
Raylight Studios,Activision
Monolith Soft/Namco Bandai Games,Unknown
Digital Mayhem,Virgin Interactive
Daedalic Entertainment,Deep Silver
Pronto Games,505 Games
RED Entertainment/Compile Heart,Compile Heart
Global A,Rising Star Games
Clockwork Games,Acclaim Entertainment
The Behemoth,Zoo Digital Publishing
Hoplite Research,Midway Games
Ivolgamus,Activision
Kemco,Kemco
Doki Denki,Gotham Games
THQ/AWE Games,THQ
Starsphere Interactive,Global Star
Other Ocean Interactive,Capcom
Kadokawa,Nippon Ichi Software
Milestone,Capcom
Loose Cannon Studios,Konami Digital Entertainment
Scientifically Proven,Crave Entertainment
8Monkey Labs,Phantom EFX
Crave/DTP Entertainment,Conspiracy Entertainment
odenis studio,Ghostlight
Realmforge Studios,Kalypso Media
Freedom Factory Studios,Namco Bandai Games
Atomic Motion,Evolved Games
Sarbakan Inc.,Zoo Digital Publishing
Black Ship Games,Atari
Gravity-I,Zoo Digital Publishing
Entersphere/Inc.,Square Enix
Infinite Machine,THQ
Deadline Games,Eidos Interactive
Silicon Dreams,Electronic Arts
Aqua Pacific,DreamCatcher Interactive
ProSoft,Virgin Interactive
Isopod Labs,Konami Digital Entertainment
Activision/Activision Blizzard,Activision
SCE/WWS/SCE Japan Studio,Sony Computer Entertainment
Mastertronic/V5 Play Studio,Mastertronic
Spark Unlimited/comcept,Tecmo Koei
Ambrella/The Pokemon Company,Nintendo
Neverland/Idea Factory,Nobilis
Hit Maker,Nippon Ichi Software
Red Tribe/Brash Entertainment,Brash Entertainment
Metro3D,Metro 3D
Blue Omega,Codemasters
Zushi Games Ltd,Zushi Games
2K Play,Take-Two Interactive
Housemarque,Atari
EA Canada/Exient Entertainment,Electronic Arts
Activision/Traveller's Tales,Activision
O-Games,O-Games
Jack of All Games/eV Interactive,Mastiff
S-Neo,505 Games
G1M2,Majesco Entertainment
TimeGate Studios/Day 1 Studios,Vivendi Games
iRock Interactive,Big Ben Interactive
Climax Studios,Ubisoft
Little Orbit,Little Orbit
Tabot,Sega
Indi,Natsume
ECI,DSI Games
SilverBirch Studios,Activision
Valcon Games,Valcon Games
Gulti,Valcon Games
Tectonic Studios,Majesco Entertainment
EA Canada/Sensory Sweep,Electronic Arts
Wide Games,Atari
Amedio,Tomy Corporation
NATSUME ATARI Inc.,Hudson Soft
Digital Leisure Inc.,Majesco Entertainment
Noise Factory,Ignition Entertainment
Mobile 21,Konami Digital Entertainment
Maximum Family Games,GSP
Foundation 9 Entertainment,Konami Digital Entertainment
Icon Games,Zoo Games
Kando Games,Nintendo
DTP Entertainment,DTP Entertainment
Telenet,Eidos Interactive
Osaka Studio,Ubisoft
Kheops Studio,The Adventure Company
Namco Bandai Games/Monkey Bar Games,Namco Bandai Games
UGA,Agetec
Toka,Swing! Entertainment
Egosoft,Koch Media
Mid Carolina Media,Zoo Digital Publishing
Velez & Dubail,Ubisoft
THQ/Independent Arts,Eidos Interactive
Mekensleep,Eidos Interactive
Milestone/Milestone S.r.l,Namco Bandai Games
Wicked Studios,Majesco Entertainment
Revistronic,Playlogic Game Factory
MileStone Inc.,Milestone
Metropolis Software,Playlogic Game Factory
Anchor Bay Entertainment,Activision
Spike Chunsoft/Chime,Aksys Games
Pinegrow,505 Games
Ubisoft Barcelona,Ubisoft
Roxor Games,RedOctane
Success,Natsume
Fatshark AB,Deep Silver
Runic Games,JoWood Productions
Neopica,Crave Entertainment
Trine Games,DreamCatcher Interactive
SpiderMonk,SouthPeak Games
Koei Canada,Tecmo Koei
Paradox Development Studio,Paradox Interactive
Direct Action Games,Zoo Digital Publishing
5000ft,Myelin Media
Awesome Play Ltd.,Bethesda Softworks
Art Co./Ltd.,D3Publisher
StudioBlack Games,Crave Entertainment
exozet,DTP Entertainment
Yoostar Entertainment Group,Unknown
Vogster,Tecmo Koei
Skonec,Ignition Entertainment
ZeptoLab,Activision
G-Artists,Atari
Idol FX,Unknown
Goshow,Tecmo Koei
Leviathan Games,Konami Digital Entertainment
Box Clever Interactive,Namco Bandai Games
Attractive Games,Majesco Entertainment
Sabertooth Games,Namco Bandai Games
Ubisoft/FunHouse,Ubisoft
Enterbrain,Enterbrain
Universomo,THQ
Global Star Software,Take-Two Interactive
Metanet Software Inc./SilverBirch Studios,Atari
Purple Hills,PlayV
Interactive Brains,505 Games
Doublesix,505 Games
Synetic,TDK Mediactive
Jupiter Multimedia,Hudson Entertainment
Epicenter Interactive,Zoo Digital Publishing
Interplay,Avalon Interactive
Monte Cristo Multimedia,Focus Home Interactive
Plato,Ubisoft
Silver Wish Games,Take-Two Interactive
Runtime,Enterbrain
Gammick Entertainment,Deep Silver
DiP Interactive,505 Games
Klein Computer Entertainment,Capcom
IronNos Co. Ltd.,Sega
DreamRift,Majesco Entertainment
Snapdragon,Destineer
Brainbox Games,Groove Games
Kunos Simulazioni,505 Games
MBA International,Nobilis
505 Games/Sarbakan Inc.,505 Games
Nikitova Games,Zoo Digital Publishing
Extra Mile Studios,Zoo Games
Nitro+,PQube
Humongous Entertainment/Mistic Software,Majesco Entertainment
Mystic Software,Game Factory
Sonic Powered,Nobilis
Whitebear,Playlogic Game Factory
Nordic Games Publishing,Nordic Games
EA Japan Studio,Electronic Arts
Headfirst Productions,Take-Two Interactive
Pendulo Studios,Focus Home Interactive
Mikoishi,THQ
Conspiracy Entertainment,Conspiracy Entertainment
10tacle Studios/Fusionsphere Systems,Koch Media
Arkedo Studio,SouthPeak Games
Farmind Ltd,Activision
GSC Game World,Namco Bandai Games
Midas Interactive Entertainment,Midas Interactive Entertainment
BattleBorne,Unknown
Valhalla Game Studios,Nintendo
Quicksilver Software,Ubisoft
Treyarch/Infinity Ward,Activision
Orbital Media/Inc.,Zoo Digital Publishing
Left Field Productions/Zoo Games,Evolved Games
Anino Entertainment,Destineer
SingleTrac,Infogrames
Rebellion/Neversoft Entertainment,Activision
Design Factory,Idea Factory
Andamiro U.S.A. Corp.,Mastiff
KnowWonder,Electronic Arts
Zoonami Ltd.,Eidos Interactive
Cave Barn,Vivendi Games
Radius9,Majesco Entertainment
Zig Zag,Deep Silver
Eutechnyx/Deep Silver,Deep Silver
Iron Lore Entertainment,THQ
Ninja Studio,Success
Slitherine,Black Bean Games
Fluid Studios,Ubisoft
Codo Games,Atari
Red Wagon Games,Avanquest
CI Games,City Interactive
Cowboy Rodeo,Graffiti
Playrix Entertainment,Mastertronic
LDW,PQube
Imagineer,Ubisoft
Rising Star Games,Rising Star Games
1C: Maddox Games,Ubisoft
Fresh 3D,Unknown
Studio Archcraft,Graffiti
THQ/1C/1C Company,1C Company
Just For Fun,SouthPeak Games
Eidos Interactive/Tantalus Interactive,Eidos Interactive
Neon Studios,JoWood Productions
Blast! Entertainment Ltd,Blast! Entertainment Ltd
Navarre Corp,Unknown
Buka Entertainment/Targem Games,505 Games
Ubisoft Porto Alegre,Ubisoft
SmartDog,Avalon Interactive
Iridon Interactive AB,Majesco Entertainment
Next Level Games/Nintendo,Nintendo
Taito Corporation/505 Games,Taito
One Man Band,Majesco Entertainment
Carapace,Infogrames
Big John Games,Destineer
PuzzleKings,Acclaim Entertainment
Dusenberry Martin Racing,Dusenberry Martin Racing
Liquid Dragon Studios,Navarre Corp
Tigon,Activision Value
Stainless Steel Studios,Vivendi Games
Braingame,Deep Silver
Frame Studios Interactive,Crave Entertainment
Max Five,Max Five
SouthPeak Games,Asylum Entertainment
VSTEP,Paradox Interactive
Flying Tiger Development,Namco Bandai Games
Konami Software Shanghai,Konami Digital Entertainment
Bright Future GmbH,Electronic Arts
Hyper-Devbox,505 Games
SkyRiver Studios,Zoo Digital Publishing
Avit-Niigata,Arc System Works
KUNST-STOFF,Ubisoft
Killaware,Rising Star Games
Torus Games/Little Orbit,Little Orbit
F84 Games,Destineer
InterActive Vision Games,505 Games
SystemSoft,Kool Kizz
Targem Games/TopWare Interactive,TopWare Interactive
G.Rev,Ubisoft
Fusionsphere Systems,DreamCatcher Interactive
Opera House,Starfish
Foreign Media,Foreign Media Games
Examu/Marvelous Inc.,Marvelous Interactive
Gaslamp Games,Unknown
Capcom/QLOC,Capcom
Ubisoft Osaka,Ubisoft
Paprikari,Avanquest
Snap Dragon Games,Flashpoint Games
7Raven Studios,Storm City Games
Wicked Witch Software,Alternative Software
Ascaron Entertainment GmbH,Ascaron Entertainment GmbH
Alawar Entertainment/Inc/Alawar Entertainment,Alawar Entertainment
Sabarasa Entertainment,Graffiti
Atari/Slightly Mad Studios/Atari SA,Unknown
Nival Interactive,Ubisoft
PopTop Software,Take-Two Interactive
Best Way,Unknown
M4 Limited,Atari
Hoget,Rising Star Games
Delta Factory,5pb
Naps Team,Zoo Games
XS Games,XS Games
Alchemist/Inti Creates,PQube
Blue 52,Hip Interactive
Dovetail Games,Unknown
Nightlight Studios,Activision
EnjoyUp Games,Destineer
Tilted Mill,Vivendi Games
Reloaded Productions/Reloaded Games Inc.,Iceberg Interactive
NoWay Studio,Graffiti
System Prisma,Nippon Ichi Software
CiRCLE,Capcom
Volition Inc./CD Projekt Red Studio/CD Projekt/CD Projekt Localisation Centre,THQ
Frozenbyte/Inc.,Focus Home Interactive
InLight Entertainment,Ignition Entertainment
2D Boy,2D Boy
Fusionsphere Systems/Animation Arts,Deep Silver
Gaia (Sony),Sony Computer Entertainment
Ironclad Games,Kalypso Media
People Can Fly,DreamCatcher Interactive
DreamCatcher Interactive,JoWood Productions
Enlight Software,JoWood Productions
Impressions Games,Vivendi Games
BattleGoat Studios,Paradox Interactive
Viva Media/Viva Media/LLC,Avanquest
CyberPlanet Interactive Public Co./Ltd./Maximum Family Games,Unknown
LSP,LSP Games
Voxler,FuRyu Corporation
Super Empire,Vivendi Games
Volition Inc./Reactor Zero,THQ
Eidos Montreal/Nixxes Software,Square Enix
Sonnori,Ubisoft
Big Fish Games,Focus Home Interactive
Magnin & Associates,Neko Entertainment
Tiwak,Microsoft Game Studios
Zuxxez,Zoo Digital Publishing
Opus Studio,Idea Factory
Gameinvest/Seed Studios/Lda,Majesco Entertainment
Introversion/Double Eleven,Introversion Software
Big Time Software,Paradox Interactive
Mentor Interactive,Conspiracy Entertainment
Magicpot,505 Games
Nitro Games,Paradox Interactive
Confounding Factor,SCi
Will,Oxygen Interactive
Eagle Dynamics,Ubisoft
Black Sea Studios,Sunflowers
Engine Software/Re-Logic,505 Games
PM Studios Inc./Pentavision Entertainment,CyberFront
zSlide,Atari
Big Blue Bubble Inc./Breakthrough New Media,Atari
Prograph,Zoo Digital Publishing
Celeris,Global Star
NEC Interchannel,Sega
Vicious Cycle/Little Orbit,Little Orbit
Panther Software,Xicat Interactive
Number None Inc./Knockout Games,Number None
Team6 Game Studios,Zoo Games
Targem Games,TopWare Interactive
Twelve Games,Oxygen Interactive
B-Alive,RTL
Machineworks Northwest/WXP,Activision
Headlock,Rising Star Games
Activision/Behaviour Interactive,Activision
Arrowhead Game Studios,Paradox Interactive
Mastertronic,Mastertronic
Sandlot Games,Destineer
EC Interactive Games,Zoo Digital Publishing
Frontier Developments/Various,Atari
Crea-Tech,Success
Glyphic Entertainment,Majesco Entertainment
Cyber Planet,Valcon Games
ZigZagIsland,Deep Silver
Paradox Interactive,Unknown
Neon Studios/Kaiko,Nordic Games
Gameness Art Software,Metro 3D
Dracue,Rising Star Games
Mindware Studios,DreamCatcher Interactive
EA Mythic,GOA
Atomic Planet Entertainment/Mud Duck Productions,Mastertronic
Minds-Eye Productions,Empire Interactive
SEK Ost,Deep Silver
Autumn Moon,DTP Entertainment
The Tangentlemen,Sony Computer Entertainment
Multimedia Intelligence Transfer,Atlus
Rainbow S.p.A.,Namco Bandai Games
Cryptic Studios,Atari
Edge Entertainment/Anima Project,Avanquest
FAKT Software,DTP Entertainment
1C/1C Company,Ubisoft
Boxed Dream,Kalypso Media
Lead Pursuit,Graphsim Entertainment
Punchline/Shirogumi,505 Games
Beluga Computer,Natsume
Kat Games,Zoo Games
Strawdog Studios,P2 Games
InterServ International,Sega
Trendy Entertainment,Unknown
United Coders/Wizardry Engineering,Destineer
Melesta,Mumbo Jumbo
Mediascape/CUBETYPE,Nippon Ichi Software
Easy Interactive,Unknown
JoWooD Entertainment AG,JoWood Productions
Master Creating,DTP Entertainment
Small Rockets,Aspyr
Mana Comp. Soft.,Lexicon Entertainment
Phenomedia,Phoenix Games
Touchdown Entertainment,Kemco
Turbine Inc.,Codemasters Online
Playstos Entertainment,Natsume
Enigma Software Productions,CDV Software Entertainment
Nvizzio Creations,Atari
Flagship Studios,Electronic Arts
ApolloSoft,Nippon Ichi Software
Ancient,Victor Interactive
Zoo Digital Publishing,Zoo Digital Publishing
UFO Interactive/CyberPlanet Interactive Public Co./Ltd.,UFO Interactive
Infogrames Sheffield,Infogrames
1C:Ino-Co,Paradox Interactive
Tose Software,Namco Bandai Games
Pterodon,Gathering of Developers
Strangelite,Empire Interactive
Deep Red,Atari
PAWS,Zushi Games
White Birds Productions,Nobilis
Agetec,DHM Interactive
Farsight Technologies,Konami Digital Entertainment
Tranji,Vivendi Games
Planet Interactive,BAM! Entertainment
Vicious Cycle/Infinite Interactive,D3Publisher
Telegames/Inc.,Telegames
Sanuk Software Co./Ltd./Sanuk Games,Big Ben Interactive
GameCo,Rondomedia
Oberon Media,Big Fish Games
Virtual Play Inc.,Virtual Play Games
Yuke's/Yuke's Company of America,Ignition Entertainment
Funbox Media,Unknown
Babylon Software,Wanadoo
Metia Interactive,D3Publisher
Flying Lab Software,Koch Media
Vanpool,Konami Digital Entertainment
Squashy Software,Funsta
Hokus Pokus,Ubisoft
oeFun,O3 Entertainment
Tate Interactive,JoWood Productions
Boomzap,Majesco Entertainment
1C/Ino-Co/1C Company,Paradox Interactive
Ino-Co,Paradox Interactive
Red 5 Software,Hudson Entertainment
CyberPlanet Interactive Public Co./Ltd.,N/A
Elixir Studios,Vivendi Games
The Odd Gentlemen,Activision
Compulsion Games,Focus Home Interactive
Camouflaj/LLC,Nippon Ichi Software
777 Studios,Aerosoft
Interworks Unlimited/Inc.,Interworks Unlimited/Inc.
Black Bean Games,Black Bean Games
DMA Design/Rockstar North,Take-Two Interactive
King of the Jungle,Encore
Spidersoft/Spiders,Focus Home Interactive
Tecmo/Graphic Research,Tecmo Koei
Battlefront.com/1C/1C Company,Kalypso Media
Blue Tea Games,Unknown
EA Phenomic,Electronic Arts
Empty Clip Studios,Zoo Games
Next Wave Team,Zoo Digital Publishing
Triple Eh? Ltd,Rising Star Games
TDK Mediactive,TDK Mediactive
Headgate,Electronic Arts
dtp Young Entertainment AG,CDV Software Entertainment
Coffee Stain Studios,Koch Media
Boston Animation,TDK Mediactive
React Games,Nordic Games
Bigben Interactive/Red Wagon Games,Big Ben Interactive
Papyrus,Vivendi Games
Inferno Games,Destination Software/Inc
Katauri Interactive,1C Company
High Moon Studios/Mercenary Technologies,Activision
Infinite Dreams/Paragon 5,Jaleco
Big Red Software,Codemasters
Atomic Games,Destineer
Interchannel-Holon,Majesco Entertainment
