1,Brooks,Shell,Dex,1992-11-12
2,Calla,Cassondra,Sancho,1976-10-17
3,Damaris,Magdalena,Tippets,1984-08-07
4,Marinna,Alleen,Aldric,1961-12-26
5,Esmeralda,Thalia,Barney,2001-05-22
6,Lindie,Netty,Dalli,1956-09-03
7,Madalyn,Gilligan,Lia,1960-09-23
8,Ginnie,Rori,Keelia,2008-09-24
9,Tamqrah,Rosanne,Joni,2005-06-26
10,Helena,Pollyanna,Marsden,1970-10-14
11,Ileana,Collen,Cimbura,1954-10-31
12,Paule,Tera,Niles,1956-09-30
13,Merry,Ericka,Abram,1960-06-15
14,Cecile,Vevay,Pozzy,1970-12-31
15,Sadie,Gabi,Zachary,1978-12-06
16,Sara-Ann,Sashenka,Harriman,1953-05-08
17,Arabel,Bobbi,Ethban,1956-12-14
18,Helsa,Britni,Rona,1958-12-24
19,Audrie,Krystle,Hollingsworth,1959-01-25
20,Elyssa,Hollie,Read,1988-03-02
21,Marylou,Atlanta,Arne,1986-10-07
22,Dari,Debee,Reneta,1963-01-14
23,Aili,Sherrie,Mike,1963-12-08
24,Dawn,Zaria,Lubin,1953-05-17
25,Edee,Binny,Cristi,1953-04-22
26,Aryn,Concettina,Fadiman,1974-04-21
27,Therine,Natka,Weinreb,1971-06-22
28,Frieda,Edith,Juan,1977-11-03
29,Hannis,Marita,Peti,2009-11-16
30,Drucie,Alexine,Boycey,1994-03-28
31,Janis,Adore,Gusella,1970-03-16
32,Calla,Tilly,Matthew,1981-01-04
33,Anica,Shannah,Meli,2008-10-02
34,Clarice,Danika,Orelee,1979-02-03
35,Janeczka,Mariann,Denis,1955-08-16
36,Delilah,Alisha,Burch,2008-07-04
37,Althea,Taffy,Ardeha,1999-12-18
38,Nicoli,Aili,Kesley,2003-04-05
39,Jenda,Dorene,Taam,2001-08-01
40,Mamie,Suzette,Corilla,1977-11-16
41,Shaylyn,Damaris,Anton,1988-01-03
42,Yetty,Olwen,Tamsky,2004-06-10
43,Sarette,Candi,Kannry,1988-11-17
44,Doralynne,Carilyn,Gamaliel,1971-07-25
45,Arlena,Zsa Zsa,Woodberry,1994-04-10
46,Brietta,Shel,Kress,2003-08-20
47,Ofilia,Dagmar,Dex,1966-03-20
48,Arabel,Margarette,Nerita,1985-04-20
49,Rani,Felice,Ivens,1996-06-21
50,Tabbatha,Nickie,Callista,1979-10-15
51,Yvonne,Elfreda,Presber,1958-03-08
52,Tatiania,Julieta,Kathie,1976-08-03
53,Ronna,Lyssa,Clie,1977-10-01
54,Cyndie,Ann-Marie,An,2002-12-22
55,Andeee,Edee,Thilda,1984-11-30
56,Brietta,Aurelie,Faro,1986-11-23
57,Carmela,Addia,Obed,1971-06-14
58,Loree,Sam,Constancy,1965-02-28
59,Neila,Antonietta,Kaete,1997-10-05
60,Gwenneth,Britni,Naor,1966-12-15
61,Annice,Gratia,Codding,2008-02-12
62,Zondra,Xylina,Yerkovich,1986-10-03
63,Claresta,Jenilee,Israeli,2001-08-17
64,Ebonee,Vanessa,Robertson,1998-10-07
65,Kathi,Lucy,Tillford,1978-12-19
66,Gale,Charmaine,Manolo,1968-10-24
67,Ivett,Lyssa,Stilwell,1997-12-31
68,Adelle,Ronna,Wesle,1975-11-21
69,Corly,Kassey,Wooster,1971-04-18
70,Flory,Audrie,Stuart,1986-06-02
71,Linzy,Shannah,Susannah,1958-04-07
72,Alyssa,Lexine,Means,1973-06-25
73,Steffane,Raina,Alfons,2002-08-04
74,Libbie,Celestyna,Taima,1977-03-13
75,Gusella,Helsa,Gavrila,1976-02-25
76,Shell,Marline,Sprage,1972-11-12
77,Netty,Maurene,Meter,1997-08-02
78,Magdalena,Dale,Sharl,1980-12-18
79,Wanda,Corly,Aprile,1997-11-30
80,Priscilla,Gilligan,Wittie,1996-02-10
81,Ardys,Dennie,Zamora,1977-02-26
82,Trixi,Linzy,Lilas,1994-02-12
83,Leontine,Joelly,Keily,1969-07-01
84,Felice,Olwen,Palocz,1964-06-19
85,Brietta,Farrah,Thema,1966-08-07
86,Lauryn,Kassey,Sheng,1987-06-27
87,Georgina,Fina,Old,1997-12-17
88,Eve,Georgina,Armanda,2002-02-22
89,Eadie,Jean,Ethban,1976-08-07
90,Lizzie,Karolina,Chapland,2000-01-08
91,Aurelie,Kenna,Thar,1970-03-03
92,Ketti,Gaylene,Goddard,1962-02-02
93,Jobi,Gerrie,Connelly,1973-09-25
94,Myrtice,Goldie,Amasa,1964-07-24
95,Daryl,Leanna,Pernick,1995-12-02
96,Molli,Hermione,Olympium,2001-06-11
97,Tiffie,Ekaterina,Gemini,1978-04-20
98,Rozele,Talya,Kronfeld,1962-08-17
99,Nariko,Rosabelle,Pyle,2000-03-11
100,Latisha,Nananne,Saint,2001-05-03
101,Lelah,Roxane,Saint,1986-07-05
102,Amii,Gisela,Ariella,2002-06-06
103,Peri,Dennie,Neils,1961-06-05
104,Tilly,Ethel,Miru,2002-05-03
105,Cyndie,Vonny,Arley,1993-03-18
106,Ulrike,Lauryn,Joeann,1961-06-13
107,Dede,Charissa,Dyche,1960-07-16
108,Petronia,Benita,Frendel,1984-04-06
109,Rosabelle,Dione,Cyrie,1991-08-22
110,Ekaterina,Roslyn,McGrody,1979-04-13
111,Keelia,Amalie,Janene,1984-07-09
112,Linet,Renie,Vorster,1968-08-23
113,Daryl,Ekaterina,Saunderson,2006-02-06
114,Petronia,Perry,Garrison,1997-06-15
115,Carolina,Cissiee,Rheingold,1969-04-22
116,Zaria,Sybille,Gaspard,1994-10-30
117,Mathilda,Halette,Skurnik,1965-04-17
118,Quintina,Mariele,Raffo,1998-11-09
119,Perry,Jan,My,2007-02-23
120,Jolyn,Devina,Yam,1987-07-20
121,Gloria,Loree,Bennie,1993-09-13
122,Gerianna,Hallie,Oscar,1968-06-04
123,Marylou,Binny,Pierette,1983-08-26
124,Selma,Jennica,Sherfield,1997-03-28
125,Edyth,Amalie,Stefa,1967-10-13
126,Elie,Carol-Jean,Faust,1955-09-23
127,Fawne,Bettine,Taima,1972-02-23
128,Eve,Roxane,August,2003-06-13
129,Annora,Sam,Pattin,1984-08-29
130,Marti,Lanae,Ivens,1951-09-25
131,Trudie,Alyssa,Marisa,1954-05-14
132,Jan,Agnese,Demitria,1974-03-12
133,Dotty,Fayre,Moseley,1977-11-12
134,Candy,Patricia,Eachern,1990-09-28
135,Minda,Konstance,Berard,2005-06-04
136,Maud,Charlena,Weide,1963-10-02
137,Tressa,Lolita,Pauly,2004-06-17
138,Siana,Elsie,Chesna,1982-09-12
139,Trixi,Dotty,Terrence,1988-12-06
140,Candy,Eolanda,Artie,1971-07-13
141,Alexine,Consuela,Raychel,1955-11-06
142,Bernie,Annaliese,Seagraves,1993-06-10
143,Kenna,Janenna,Mauer,1968-12-01
144,Halette,Chloris,Bahr,1979-08-09
145,Kristina,Jinny,Jess,1992-01-26
146,Audrie,Cissiee,Scammon,1967-04-11
147,Georgina,Ardeen,Brotherson,1992-02-09
148,Paola,Brandise,Solitta,1963-10-31
149,Kimmy,Rivalee,Alisia,2006-12-30
150,Ottilie,Calla,Charmine,1988-03-26
151,Dania,Madalyn,Wind,2000-09-08
152,Lynnea,Tina,Naor,1992-01-27
153,Leona,Angela,Rese,1960-02-21
154,Etta,Netty,Waldron,1965-05-24
155,Lyssa,Joane,Kosey,1956-04-03
156,Jaime,Sharai,McLaughlin,1997-11-19
157,Chastity,Alie,Janith,1972-10-25
158,Talya,Teddie,Cimbura,1962-06-21
159,Paulita,Moyna,Trace,1971-05-02
160,Jan,Helsa,Seligman,1989-08-03
161,Yvonne,Mamie,Prouty,1963-10-13
162,Lizzie,Lila,Ietta,1975-10-09
163,Rosaline,Jackie,Brackely,1959-12-16
164,Judy,Nessie,Llovera,1988-10-21
165,Jillayne,Konstance,Chesna,1992-06-24
166,Addia,Myrtice,Even,1959-11-10
167,Melodie,Darlleen,O'Rourke,1959-12-27
168,Claresta,Doralynne,Erminia,2006-02-15
169,Marleah,Corry,Alarise,2007-08-05
170,Delilah,Sophia,Chapland,1995-11-10
171,Annora,Mellicent,Ovid,1954-08-20
172,Stephanie,Concettina,Frendel,1979-09-14
173,Minne,Justinn,Katrine,1973-02-07
174,Jenda,Rivalee,Linskey,1962-04-25
175,Rosanne,Natka,Donoghue,1978-01-01
176,Ashlee,Letizia,Winthorpe,2000-05-15
177,Cissiee,Myriam,Henebry,1979-10-13
178,Brooks,Charlena,Matthew,1959-03-07
179,Sybille,Hyacinthe,Rona,1954-09-18
180,Feliza,Cristine,Chick,1964-06-22
181,Valeda,Dari,Pandolfi,1989-10-05
182,Drucie,Priscilla,Magnolia,2001-06-14
183,Jenda,Briney,Lail,1980-11-18
184,Emelina,Luci,Nickola,1950-07-08
185,Leia,Olwen,Gavrila,1985-10-06
186,Dorothy,Dotty,Garek,1979-10-28
187,Modestia,Latisha,Lea,1954-09-19
188,Anallese,Jany,Pillsbury,1954-08-09
189,Violet,Tani,Astra,1991-06-07
190,Valeda,Antonietta,Llovera,2003-06-06
191,Madelle,Dominga,Karna,1960-05-15
192,Inga,Imojean,Neva,2005-09-08
193,Meriel,Ilse,Alrich,1982-01-20
194,Hope,Verla,Marisa,1962-12-07
195,Karolina,Lauryn,Justinn,1951-02-10
196,Marjie,Ninnetta,Wareing,1964-11-12
197,Aili,Norine,Myrilla,1966-07-13
198,Mara,Bernardine,Bethany,1955-04-28
199,Hettie,Maridel,Annabella,2007-05-29
200,Wanda,Pierette,Morgun,1994-10-14
201,Kerrin,Gabi,Haldas,2005-10-18
202,Max,Dorice,Mitzi,2005-05-29
203,Marnia,Tobe,Bashemeth,1972-11-16
204,Carly,Mara,McAdams,1971-05-30
205,Teriann,Ethel,Fax,1961-06-06
206,Jenda,Dorene,Eiser,2002-01-11
207,Teddie,Sharlene,Wilkinson,1951-08-15
208,Gratia,Vivia,Egbert,1974-09-28
209,Lulita,Sharai,Gaspard,1955-10-06
210,Ulrike,Elyssa,Honoria,1987-06-19
211,Adriana,Dulce,Macey,1951-01-18
212,Lauryn,Cathyleen,Tiffa,1984-02-20
213,Paule,Donetta,Brady,1973-08-28
214,Nollie,Mara,Tannie,1962-03-03
215,Kathy,Rochette,Hewitt,1991-09-29
216,Nonnah,Oona,Sundin,1955-04-19
217,Emmey,Alameda,Willie,1971-01-10
218,Edith,Rayna,Couture,1969-04-11
219,Dyann,Jacenta,Travax,1981-05-09
220,Karolina,Merrie,Pozzy,1986-08-04
221,Rosene,Sheelagh,Carleen,1955-02-07
222,Marleah,Tarra,McNully,1976-05-08
223,Minda,Leeanne,Margarete,1977-04-22
224,Lily,Tabbatha,Vastah,1964-03-20
225,Shell,Vanessa,Weitman,1960-08-20
226,Alexine,Millie,Trace,1953-04-08
227,Cherrita,Selia,Lubin,1998-03-25
228,Flo,Julieta,Darrell,1965-09-15
229,Diena,Roseline,Sidonius,1994-04-12
230,Cyb,Sheree,Merriott,1979-07-23
231,Caritta,Shauna,Velick,2005-08-29
232,Dotty,Nicoli,Dudley,1960-10-02
233,Teddie,Keelia,Michella,1983-07-02
234,Dyann,Marylou,Brunell,1988-05-13
235,Emylee,Althea,Eiser,1997-12-29
236,Marita,Chere,Mozelle,1952-09-24
237,Jemie,Maud,Dosia,2000-03-29
238,Cam,Cissiee,Seligman,1959-03-29
239,Moyna,Karina,Gaulin,2001-11-06
240,Keelia,Selma,Carri,2009-01-24
241,Aili,Violet,Kellby,2004-09-28
242,Feliza,Claresta,Kirbee,1996-06-01
243,Barbi,Liana,Jeanne,1977-09-29
244,Lilith,Lynea,Burkle,1977-02-07
245,Dari,Carly,Aloise,2002-12-27
246,Edee,Merci,Albertine,1975-07-30
247,Kylynn,Lilith,Lanita,1973-01-30
248,Krystle,Rozele,Radu,1981-11-22
249,Gerrie,Veda,Eachern,1961-07-15
250,Dulce,Ayn,Lewes,1999-12-13
251,Nannie,Clary,Joli,1998-04-30
252,Clary,Lanae,August,1961-06-14
253,Elise,Katharina,Syd,1998-04-01
254,Chandra,Ruthe,Loleta,1961-12-08
255,Gilda,Deane,Borrell,2008-07-13
256,Quintina,Mary,Rosette,2008-03-21
257,Mamie,Ardeen,Morgun,1954-04-26
258,Juliane,Selia,Scammon,1985-07-19
259,Clementine,Janey,Lemuela,1985-02-17
260,Eve,Jan,Leopold,1957-12-02
261,Tracey,Emilia,Vacuva,2009-01-25
262,Brandise,Jerry,Jotham,1963-02-14
263,Ulrike,Ardys,Odell,2000-03-18
264,Sharai,Katuscha,Dawkins,2001-08-04
265,Ebonee,Emelina,Seagraves,1999-04-16
266,Elyssa,Cathyleen,Wiener,1978-11-17
267,Stacey,Fina,Carey,1957-04-16
268,Kalina,Rhoda,Thomasina,1965-06-07
269,Marnia,Demetris,Gusella,1976-10-01
270,Beverley,Ida,Odell,1954-12-29
271,Susan,Augustine,Engdahl,1956-02-10
272,Dale,Jackie,Drus,2000-10-02
273,Joy,Wynne,Hunfredo,1989-05-22
274,Livvyy,Joelly,Waite,1998-06-27
275,Coral,Malina,Florina,1966-07-06
276,Janis,Wynne,Nelsen,1956-08-02
277,Tori,Dari,Fosque,2001-04-11
278,Marnia,Basia,Loleta,1950-08-31
279,Rhea,Carly,Chesna,2009-05-02
280,Emma,Mariele,Casimir,1997-03-25
281,Cam,Elie,Tice,1971-08-30
282,Anthia,Lucille,Suzetta,1985-05-03
283,Melisent,Kary,Gabrielli,2009-10-30
284,Hayley,Fernande,Natica,1979-03-11
285,Norine,Sandie,Oneida,1962-12-02
286,Beverley,Jere,Lia,1989-02-28
287,Ashlee,Jillayne,Yusuk,1958-02-18
288,Merrie,Atlanta,Tomasina,1978-10-18
289,Neila,Kaia,Fleeta,1972-09-09
290,Beverley,Mireielle,Daniele,1958-09-06
291,Cam,Hannis,Saint,1964-01-19
292,Nessie,Micheline,Ricarda,1964-04-24
293,Misha,Lilith,Kravits,1973-01-15
294,Deedee,Jaclyn,Jorgan,1963-03-06
295,Vonny,Aili,Janene,1968-10-05
296,Demetris,Glynnis,Lytton,1950-03-22
297,Tori,Carol-Jean,Letsou,1976-01-03
298,Atlanta,Grier,Bethany,2004-04-23
299,Alia,Jacquetta,Mike,1970-01-09
300,Caritta,Hallie,Cadmar,1974-02-03
301,Norine,Shirlee,Diogenes,1972-04-10
302,Sophia,Maisey,Suanne,1980-12-29
303,Lauryn,Bobinette,Kauppi,1998-12-14
304,Mady,Elyssa,Minetta,1993-03-07
305,Basia,Suzette,Harl,1979-12-04
306,Chickie,Jaime,Nester,1979-10-29
307,Gilligan,Pearline,Vittoria,1951-08-16
308,Gavrielle,Isa,Buttaro,1993-06-30
309,Rayna,Rosene,Tengdin,2003-09-29
310,Jorry,Felice,Skurnik,2002-10-10
311,Loree,Charmaine,Madaih,1994-02-18
312,Sindee,Candy,Emmaline,1988-09-16
313,Ebonee,Petronia,Beniamino,1991-08-31
314,Marylou,Chickie,Lane,1994-03-15
315,Zaria,Shell,Klemperer,2003-02-20
316,Laurene,Oona,Fitzsimmons,1962-06-21
317,Lindie,Genevra,Japeth,1977-12-14
318,Luci,Gerianna,Doig,1996-07-09
319,Gusty,Darlleen,Masao,1956-06-14
320,Delilah,Danny,Nadia,1952-11-10
321,Danika,Maud,Ammann,1993-02-15
322,Joeann,Ninnetta,Lumbard,2004-11-17
323,Therine,Sabina,Bouchard,2007-02-26
324,Aurore,Janey,Solitta,1953-02-24
325,Winny,Kenna,Sikorski,1995-11-19
326,Charissa,Etta,Kress,1950-08-03
327,Sarette,Netty,Alfons,1952-01-09
328,Dari,Reeba,Brodench,1999-04-29
329,Susan,Merle,Helfand,1980-08-03
330,Kaia,Felice,LaRue,1999-06-16
331,Dennie,Ingrid,Ilka,1966-04-03
332,Brena,Harrietta,Afton,1962-07-08
333,Codie,Kassey,Jary,1972-04-02
334,Shaylyn,Lesly,Dielu,1967-02-12
335,Antonietta,Cassandra,Kimmie,1985-02-19
336,Phylis,Gilda,Jacinda,1976-06-21
337,Sabina,Queenie,Pillsbury,1951-04-19
338,Dorice,Jenilee,Lamoree,2008-08-13
339,Gerrie,Nikki,Margarete,1978-09-19
340,Alia,Robinia,Longfellow,1980-12-27
341,Alisha,Deloria,Adalbert,2001-07-11
342,Elbertina,Tani,Phaidra,1975-03-21
343,Annaliese,Donnie,Rooney,1986-01-10
344,Kalina,Cathyleen,Fink,1978-04-24
345,Myrtice,Stevana,Holtz,1981-03-06
346,Selia,Paule,Mayeda,1987-12-24
347,Fred,Shauna,Chaing,1995-05-09
348,Trudie,Jerry,Atcliffe,2008-06-09
349,Farrah,Katharina,Kathie,1950-11-05
350,Vinita,Berget,Berl,1958-07-14
351,Bernardine,Kassey,Stilwell,2009-07-22
352,Ricky,Caryl,Hailee,2002-03-18
353,Ana,Jaclyn,Georas,1997-09-22
354,Daphne,Amalie,Terrence,1963-01-05
355,Maurene,Alyda,Rosemary,1984-07-27
356,Sara-Ann,Jeanna,Dannye,1966-07-12
357,Dione,Kore,Newell,1986-08-14
358,Jolyn,Nataline,Maiah,1974-09-28
359,Shel,Briney,Roxanna,2003-03-31
360,Alleen,Marnia,Simmonds,1990-11-05
361,Carol-Jean,Henriette,Decato,1955-12-16
362,Lynea,Anestassia,Percy,1998-09-26
363,Kathi,Alyda,Kristi,1998-07-15
364,Marita,Berta,Wenoa,1965-06-21
365,Shandie,Julieta,Abram,2006-08-14
366,Maisey,Trixi,Shelba,1984-06-27
367,Leanna,Lauryn,Kaja,1957-10-08
368,Ethel,Sindee,Bethany,1959-02-20
369,Lory,Valera,Knowling,1982-02-16
370,Frieda,Louella,Bashemeth,1961-05-14
371,Lacie,Katharina,Bow,1998-09-29
372,Jean,Brena,Jacinda,1965-10-30
373,Karena,Amalie,Taam,1958-04-06
374,Alyssa,Marti,Gamaliel,1981-03-28
375,Bill,Ezmeralda,Eugenia,1966-11-08
376,Pearline,Rosaline,O'Rourke,1977-02-06
377,Janey,Aurore,Fosque,1995-01-21
378,Jean,Yvonne,Lane,1955-08-18
379,Violet,Louella,Dawkins,1984-05-12
380,Hermione,Evita,Karylin,1979-04-16
381,Maisey,Mireielle,Laverne,2005-08-02
382,Tilly,Laure,Nore,1992-05-16
383,Belva,Tobe,Donoghue,2000-10-13
384,Myrtice,Glynnis,Gaspard,1992-03-05
385,Pearline,Cyb,Marisa,2008-04-14
386,Noelle,Katharina,Alexandr,2008-01-16
387,Brandise,Stevana,Thema,1977-07-18
388,Di,Sue,Marisa,1965-10-09
389,Viki,Molli,Karylin,1971-04-14
390,Steffane,Kylynn,Wadell,1958-10-21
391,Fawne,Corly,Cornelia,1951-01-09
392,Katleen,Elora,Fitzsimmons,1974-06-22
393,Caressa,Angelique,Garek,1981-01-17
394,Anica,Lynde,Raul,1965-12-15
395,Dawn,Althea,Afton,1991-12-05
396,Silvana,Yvonne,Birdella,1967-06-19
397,Fernande,Aimil,Orpah,1958-09-22
398,Kial,Elora,Halsey,1958-02-24
399,Deloria,Jorry,Claudine,1983-08-19
400,Nananne,Stephanie,Rheingold,1993-07-26
401,Raina,Nanete,Kaete,1981-06-04
402,Krystle,Edyth,Raseda,1974-02-26
403,Renie,Leeanne,Bohlin,2000-07-20
404,Larine,Celisse,Harriman,1984-08-11
405,Kelly,Leontine,McAdams,1974-11-18
406,Stevana,Emylee,Lewes,1998-12-08
407,Mary,Konstance,Rheingold,2006-11-01
408,Maridel,Violet,Elephus,1969-11-23
409,Livvyy,Sissy,Gaspard,1995-01-22
410,Farrah,Kylynn,Haerr,2004-09-10
411,Lindie,Darci,Heidt,1965-09-20
412,Queenie,Carilyn,Fitzsimmons,1957-04-02
413,Katleen,Raquela,Sparhawk,2009-11-09
414,Jeanna,Elena,Artie,1987-05-23
415,Malina,Libbie,Percy,2009-06-05
416,Larine,Celestyna,Eckblad,1999-02-25
417,Tierney,Alia,Fillbert,1963-07-13
418,Heddie,Iseabal,Kare,1993-12-26
419,Millie,Juliane,Gavrila,1974-05-16
420,Stevana,Nollie,Saree,1966-02-03
421,Teddie,Frieda,Milde,2002-10-24
422,Lizzie,Ermengarde,Poll,1989-03-04
423,Mureil,Nelle,Demitria,1993-11-27
424,Glynnis,Lexine,Zamora,1956-09-21
425,Wynne,Ileana,Concha,1997-06-12
426,Susette,Georgina,Oster,1975-04-29
427,Tabbatha,Genovera,Milde,1978-07-03
428,Libbie,Ivett,Goerke,1998-04-30
429,Dotty,Starla,Ahab,2007-05-13
430,Noelle,Sindee,Khorma,1960-12-06
431,Daphne,Ann-Marie,Janene,2001-09-27
432,Jillayne,Maridel,Jacobah,1993-06-16
433,Farrah,Kassey,Hepsibah,1990-01-19
434,Ayn,Kathi,Olympium,1953-03-29
435,Sue,Collen,Cohdwell,1996-03-14
436,Dode,Kirstin,Goth,1997-09-23
437,Anestassia,Nonnah,Nore,1956-09-09
438,Cindelyn,Gwenneth,Suanne,1978-11-16
439,Daphne,Karly,Reidar,1981-02-24
440,Babita,Marylou,Gabrielli,1993-08-24
441,Amelia,Celene,Modie,2003-09-27
442,Dode,Chastity,Virgin,1980-11-03
443,Rubie,Oralee,Goode,1988-07-06
444,Loree,Blondelle,Lorain,2005-02-19
445,Kamilah,Jessy,Cookie,1985-12-03
446,Nyssa,Livvyy,Estella,1956-07-24
447,Doralynne,Hyacinthe,Emanuel,2003-05-19
448,Dominga,Yolane,Zitvaa,1982-04-28
449,Jillayne,Raf,Elbertina,1960-07-27
450,Ileana,Gratia,Corrine,1983-12-16
451,Lyssa,Deirdre,Wind,1970-03-05
452,Kirstin,Roseline,Buffum,2002-03-01
453,Lory,Xylina,Jerold,1990-10-05
454,Pierette,Micheline,Hashim,2007-07-24
455,Wendi,Morganica,Wallis,1959-06-17
456,Dolli,Ketti,Devlen,1963-07-10
457,Sybille,Lory,Deegan,2001-05-11
458,Teddie,Rhea,Bivins,1995-11-15
459,Emilia,Shell,Decato,1986-08-19
460,Drucie,Dominga,Emerson,1954-05-30
461,Chloris,Tami,Geffner,2000-11-24
462,Bobbi,Bertine,Iphlgenia,1981-12-10
463,Jean,Roseline,Brady,1952-07-24
464,Sidoney,Janis,Redmond,1994-12-03
465,Tressa,Emelina,Felizio,1977-01-18
466,Mignon,Tina,Warthman,1958-03-18
467,Caressa,Michaelina,Gavrila,1955-11-28
468,Aeriela,Wileen,Felizio,1983-04-03
469,Ira,Ekaterina,Kevon,1984-08-11
470,Verla,Babita,Bluh,1959-03-22
471,Brena,Elka,Wattenberg,1971-01-07
472,Carmencita,Bernardine,Odysseus,1951-05-17
473,Valli,Celisse,Gusella,1955-01-07
474,Berget,Lorenza,Saunderson,1981-09-26
475,Debee,Raquela,Allina,2002-04-14
476,Alameda,Pollyanna,Barbey,1976-06-01
477,Orsola,Tracey,Lilybelle,1957-01-12
478,Mireielle,Leia,Winthorpe,1971-10-30
479,Carolina,Krystle,Charity,1960-12-17
480,Agnese,Evita,Randene,1951-04-17
481,Collen,Sonni,Peg,1953-08-01
482,Consuela,Veda,Baptlsta,1978-01-14
483,Corene,Libbie,Pitt,1958-04-01
484,Peri,Mignon,Cassius,2005-06-15
485,Dennie,Lilith,Tamar,1982-10-24
486,Shaylyn,Isa,Gemini,1959-12-05
487,Farrah,Juliane,Chandler,1968-06-02
488,Rochette,Darlleen,Tristram,1994-12-31
489,Roberta,Brianna,Millda,1964-12-01
490,Nataline,Ezmeralda,Sundin,1983-05-11
491,Lisette,Aurore,Japeth,1970-02-03
492,Kimberley,Benita,Faro,1970-09-06
493,Linet,Debee,Wallis,1989-07-22
494,Melanie,Gavrielle,Noman,1955-06-29
495,Codie,Ethel,Breed,1993-09-06
496,Robbi,Rivalee,Casimir,1980-04-19
497,Sherrie,Zondra,Land,1983-04-29
498,Susan,Berta,Catie,1952-10-03
499,Rori,Gloria,Turne,1999-09-04
500,Dennie,Laurene,Romelda,1950-06-17
501,Kirstin,Helena,Rodmann,1960-04-05
502,Gwyneth,Tami,Anestassia,1961-08-16
503,Wileen,Cissiee,Mayeda,1968-06-14
504,Nannie,Tarra,Tarrant,1952-06-22
505,Paule,Tomasina,Sprage,1970-07-28
506,Sean,Lynde,Myrilla,1982-02-21
507,Blinni,Ezmeralda,Gherardo,1994-07-17
508,Dode,Vanessa,Couture,1961-03-29
509,Amara,Suzette,Marsden,1979-05-30
510,Gui,Caritta,Baudin,1992-05-15
511,Janey,Annaliese,Papageno,1953-12-10
512,Mallory,Maisey,Bertold,1979-02-14
513,Viki,Goldie,Bollay,1981-09-22
514,Emylee,Mallory,Melleta,1991-12-30
515,Hope,Jacenta,Odysseus,2003-01-18
516,Ada,Brena,Mauer,1996-08-16
517,Philis,Margalo,Cookie,1951-06-24
518,Cyndie,Marita,Heidt,1978-03-30
519,Frieda,Priscilla,Curren,1953-01-29
520,Amelia,Aubrie,Septima,1982-09-03
521,Maisey,Collen,Alejoa,1997-06-05
522,Anestassia,Corina,Hoban,2001-12-07
523,Odessa,Mahalia,Ax,1987-06-18
524,Wendi,Raf,Selway,1977-11-18
525,Joy,Vanessa,Kress,2003-10-11
526,Bertine,Bobbi,Stevy,1978-06-29
527,Mamie,Ariela,Socha,1998-06-29
528,Gabriellia,Randa,Jerold,1959-12-18
529,Britte,Bernie,Hurley,1950-05-09
530,Carmela,Jeanna,Zetta,1999-12-31
531,Shannah,Tracey,Durante,2000-11-23
532,Dyann,Damaris,Kravits,1986-10-16
533,Phedra,Ronna,Halsey,1974-06-21
534,Katharina,Wilma,Pandolfi,1952-04-16
535,Ellette,Cissiee,Kosey,1975-04-15
536,Tina,Dode,Hieronymus,1960-05-20
537,Clo,Cherrita,Skell,2007-09-27
538,Dulce,Rozele,Baptlsta,1979-05-28
539,Glynnis,Laure,Destinee,1984-05-15
540,Tressa,Suzette,Janith,1999-01-22
541,Jaclyn,Florencia,Reneta,1952-04-15
542,Danika,Sandie,Hartnett,1991-10-10
543,Winny,Harmonia,Seligman,1976-08-23
544,Rhea,Susan,Danby,1971-01-21
545,Maurene,Kate,Cullin,1960-03-07
546,Deirdre,Joeann,Nunci,1995-01-29
547,Darci,Inga,Cavan,2002-04-15
548,Livvyy,Emilia,Lacombe,2001-03-31
549,Lusa,Stacey,Lemuela,2006-12-12
550,Lelah,Marinna,Oriana,1993-09-23
551,Juliane,Coral,McLaughlin,1998-01-21
552,Carolina,Angelique,Drus,1991-09-12
553,Carilyn,Ebonee,Alabaster,1975-06-26
554,Vivia,Laurene,Hilbert,1994-06-19
555,Ann-Marie,Michaelina,Hertzfeld,1991-12-22
556,Ana,Tamqrah,Brian,1983-02-16
557,Annecorinne,Moyna,Gillan,1958-08-17
558,Tomasina,Collen,Anyah,1961-07-02
559,Latisha,Ayn,Wittie,1951-08-30
560,Marsiella,Shaylyn,Ezar,1998-11-27
561,Darci,Sarette,Chaing,1969-05-02
562,Jennica,Yvonne,Palocz,1991-07-09
563,Carilyn,Catharine,Stuart,1982-11-24
564,Donetta,Catharine,Eugenia,1969-02-03
565,Donetta,Evaleen,Fairweather,1952-08-18
566,Doralynne,Janenna,Hieronymus,1998-08-11
567,Cissiee,Ofilia,Irmine,1996-02-23
568,Zondra,Carmencita,Rosette,1992-06-12
569,Clary,Mureil,Allare,1969-09-04
570,Lesly,Nonnah,Danby,1997-07-15
571,Dione,Nita,Deny,1968-04-14
572,Tabbatha,Melodie,Aurelio,1966-08-26
573,Corina,Lanae,Thar,1950-06-23
574,Kathi,Karly,Melleta,1955-12-22
575,Clary,Tracey,Jess,1994-02-24
576,Bobinette,Georgina,Jerald,2003-04-24
577,Mellicent,Oona,Hedve,1999-01-14
578,Georgetta,Candi,Cloris,1968-06-03
579,Eolanda,Mallory,Peti,1986-10-14
580,Joceline,Dolli,Gibbeon,1973-12-10
581,Ayn,Rubie,Wooster,1970-11-29
582,Alexine,Gaylene,Read,1968-07-26
583,Katharina,Carilyn,Joni,1980-12-30
584,Bobbi,Tracey,Thad,1973-04-11
585,Kore,Rayna,Brandice,1964-09-09
586,Georgina,Phedra,Cleo,2000-10-06
587,Kary,Robbi,Ruvolo,1968-08-08
588,Inga,Marguerite,Tice,1973-12-31
589,Rubie,Lisette,Euridice,1992-09-30
590,Dorene,Deane,Seessel,1964-07-08
591,Andeee,Corry,Elvyn,1952-05-10
592,Esmeralda,Raf,Azeria,1962-10-06
593,Nonnah,Ira,Tremayne,1964-12-19
594,Dolli,Joelly,Stoller,1999-01-19
595,Ofilia,Sindee,Delp,1967-06-08
596,Peri,Anica,Freddi,1999-09-16
597,Elsie,Flo,Euridice,1964-02-12
598,Minda,Alyssa,Elo,1960-11-05
599,Concettina,Natka,Fleeta,1983-08-17
600,Sam,Karina,Bonucci,1969-01-17
601,Janenna,Zondra,Hubert,1955-11-10
602,Kaia,Arlena,Drus,1957-10-14
603,Candy,Lorne,Kellby,1986-03-21
604,Constance,Roberta,Saint,1953-03-04
605,Libbie,Kylynn,Odysseus,1960-04-10
606,Gaylene,Tomasina,McCutcheon,2006-07-25
607,Augustine,Ida,Lynn,1964-03-07
608,Philis,Lanae,Trinetta,2003-09-20
609,Tani,Glenda,Bryna,1964-10-11
610,Beatriz,Kate,Couture,1960-12-10
611,Kenna,Gavrielle,Ailyn,1961-07-21
612,Allis,Jacenta,Poll,1966-08-20
613,Fred,Imojean,Diann,1992-11-18
614,Robbi,Shaylyn,Estella,1977-01-29
615,Nananne,Ottilie,Deny,2005-06-11
616,Lolita,Luci,Deegan,2008-09-22
617,Yolane,Kate,Elo,2003-08-25
618,Corina,Misha,Jagir,2000-03-06
619,Loree,Chandra,Felizio,2005-07-01
620,Fanchon,Eve,Kussell,1956-10-07
621,Letizia,Edee,Romelda,1975-07-31
622,Bobinette,Nickie,Ioab,1988-06-16
623,Kirstin,Ilse,Latini,1983-08-23
624,Sonni,Laurene,Adrienne,2006-06-26
625,Charlena,Kimmy,Barrus,2006-02-20
626,Elbertina,Deirdre,Florina,1977-06-19
627,Gerianna,Adore,Cleavland,1950-05-06
628,Gilda,Vivia,Dearborn,1965-05-17
629,Kristan,Sabina,Donell,1952-02-19
630,Deedee,Marline,Cavan,2001-08-09
631,Hermione,Kimmy,Jeanne,1983-09-29
632,Tracey,Angela,Chem,1968-09-26
633,Ida,Giustina,Elbertina,1951-06-11
634,Malina,Jolyn,Demitria,1980-04-18
635,Rhea,Darlleen,Dulciana,1950-03-30
636,Cherrita,Catrina,Read,1951-06-28
637,Myriam,Selma,Love,2006-05-20
638,Dorice,Vanessa,Japeth,1981-02-17
639,Christy,Kara-Lynn,Francene,1995-06-30
640,Cathyleen,Vivia,Bollay,1985-05-10
641,Aili,Consuela,Egbert,1953-12-31
642,Margalo,Angelique,Anselmi,1964-08-17
643,Rebeca,Rani,Podvin,1994-06-05
644,Anthia,Renie,Taima,2000-06-14
645,Elie,Cristine,Myrilla,1988-11-06
646,Caryl,Maryellen,Mathilde,1950-08-26
647,Blinni,Shauna,Hull,1962-05-05
648,Hollie,Robinia,Ruvolo,1997-07-21
649,Peri,Gilda,Stuart,1998-02-23
650,Florie,Cam,Vale,1995-01-07
651,Carly,Lorenza,Leonard,1958-06-09
652,Christal,Caritta,Kristi,1960-10-30
653,Brandise,Addia,Mayeda,1962-06-20
654,Correy,Yolane,Braun,1962-12-29
655,Camile,Ofilia,Barrus,1964-03-01
656,Cristabel,Ninnetta,Dorcy,1997-04-13
657,Lucille,Cecile,Whiffen,2001-07-18
658,Mara,Julieta,Lamoree,1991-12-12
659,Annice,Fredericka,Vanni,1966-11-09
660,Wynne,Jackie,Sothena,1965-01-20
661,Lenna,Hayley,Cristi,1960-05-13
662,Tressa,Meg,Borrell,1977-02-18
663,Elsie,Carmela,Stover,2006-02-12
664,Goldie,Frieda,Peti,2001-02-12
665,Darlleen,Elka,Izaak,2005-11-12
666,Priscilla,Raquela,Amasa,2008-07-20
667,Leeanne,Tilly,Ariella,1964-10-27
668,Pearline,Kirbee,Ledah,1991-02-23
669,Olwen,Shandie,Maisey,1956-11-09
670,Dione,Rosanne,Kesley,1990-07-01
671,Myriam,Cissiee,Fadiman,1956-01-05
672,Katharina,Benita,Vanni,1993-06-15
673,Melodie,Keelia,Astra,1999-03-02
674,Starla,Kylynn,Bebe,1994-03-28
675,Olwen,Ketti,Hessler,1968-07-21
676,Aeriela,Theodora,Maryanne,1990-08-09
677,Doro,Hildegaard,Jobi,1953-04-17
678,Gwyneth,Myrtice,Ries,1965-12-14
679,Jorry,Lynnea,Audly,1970-11-29
680,Clarice,Hallie,Poppy,1972-01-20
681,Lizzie,Blinni,Erb,1956-03-01
682,Daryl,Wynne,Truc,1996-09-12
683,Fredericka,Eadie,Hanleigh,1993-07-06
684,Danny,Jorry,Standing,1986-01-01
685,Chastity,Jacenta,Thad,2002-10-21
686,Lilith,Rozele,Aurelio,1976-09-08
687,Hallie,Millie,Grobe,2005-02-27
688,Penelopa,Melanie,Nikaniki,2004-04-10
689,Iseabal,Selma,Kussell,1988-06-28
690,Nonnah,Grier,Jena,1991-06-15
691,Tiffie,Ruthe,Cloris,1963-10-31
692,Bernie,Talya,Flyn,1977-03-05
693,Millie,Jemie,Judye,1972-11-04
694,Claudina,Kate,Baylor,1978-10-14
695,Jacquetta,Nickie,Revkah,1969-11-26
696,Amelia,Nannie,Liebermann,1961-11-01
697,Theodora,Arlina,Chobot,2006-09-12
698,Cathyleen,Therine,Maiah,1960-05-05
699,Daphne,Winifred,Cherianne,1978-01-23
700,Iseabal,Amara,Leifeste,1978-12-28
701,Andeee,Belva,Drus,1985-03-30
702,Adore,Nyssa,Santoro,1967-02-18
703,Marylou,Andree,Christal,1972-01-17
704,Aeriela,Ethel,Callista,1955-01-18
705,Anestassia,Kayla,Artie,1993-10-01
706,Micheline,Ofilia,Clie,1980-02-27
707,Jordan,Katharina,Middleton,1950-02-14
708,Helsa,Iseabal,McCutcheon,2005-11-25
709,Eolanda,Kirstin,Marijo,1972-08-16
710,Bill,Hallie,Vale,1978-08-10
711,Arabel,Rosabelle,Infield,1974-06-26
712,Flory,Beverley,Bertold,2004-07-17
713,Ardeen,Sharlene,Stacy,1977-05-09
714,Carly,Clarice,Orpah,1969-06-09
715,Fidelia,Elmira,Elephus,1966-10-27
716,Aubrie,Florie,Teryn,1965-01-24
717,Codie,Maisey,Orpah,1961-01-21
718,Sonni,Johna,Lory,2005-05-09
719,Aili,Trixi,Montgomery,1963-04-26
720,Misha,Jobi,Iphlgenia,1970-10-21
721,Paulita,Minda,Freddi,1976-06-06
722,Teriann,Konstance,Egbert,1974-08-03
723,Marika,Libbie,Mata,1967-07-21
724,Giustina,Britte,Bahr,1998-02-09
725,Wanda,Mamie,Casimir,1969-03-18
726,Dale,Mireielle,Wenoa,1953-01-14
727,Monika,Dede,Heisel,1985-08-24
728,Cacilie,Elora,Gusella,1985-07-27
729,Sophia,Ardeen,Dunkin,1967-09-09
730,Quintina,Frances,Salvidor,1989-07-24
731,Latisha,Dorothy,Kristi,1996-02-14
732,Tani,Dorene,Merriott,1956-03-24
733,Genovera,Alexine,Muriel,1999-07-12
734,Bill,Christian,Knowling,1995-09-25
735,Minda,Marylou,Jorgan,1994-08-22
736,Christy,Ivett,Mintz,1994-07-10
737,Sharai,Belinda,Raama,1988-08-05
738,Frank,Hope,Wyn,1976-01-17
739,Shaine,Michaelina,Orpah,1968-09-25
740,Ermengarde,Janeczka,Rosette,1990-10-29
741,Tobe,Hope,Eckblad,1971-07-20
742,Jessamyn,Gwenneth,Leler,1996-12-17
743,Madalyn,Priscilla,Waite,1982-07-31
744,Corene,Kylynn,Birdella,1967-05-06
745,Marsiella,Asia,Lewes,2005-09-04
746,Gilligan,Aili,Silvan,1975-04-24
747,Sue,Merle,Ball,1950-08-13
748,Marylou,Annaliese,Luhe,1971-08-12
749,Farrah,Sarette,Koehler,1954-09-19
750,Vanessa,Benita,Genna,1963-05-11
751,Carree,Kelly,Jarib,1984-10-28
752,Jaclyn,Karly,Ackerley,1966-09-27
753,Nananne,Kimberley,Maiah,1966-11-26
754,Tera,Ronna,Rubie,1956-04-25
755,Gabi,Gabi,Faust,1994-03-16
756,Inga,Atlanta,Sikorski,1974-07-27
757,Sara-Ann,Ardys,Rossner,1950-06-14
758,Kara-Lynn,Cathie,Shaver,1979-05-04
759,Gratia,Meriel,Payson,2009-07-17
760,Lizzie,Vinita,Cottle,1953-01-21
761,Zia,Brena,Haerr,1979-11-17
762,Genevra,Ricky,Stacy,2003-01-18
763,Genevra,Tobe,Kronfeld,1955-10-25
764,Ana,Florie,Deegan,1994-02-16
765,Maridel,Hermione,Caitlin,1972-04-05
766,Fanchon,Collen,Callista,1978-12-25
767,Delilah,Arlena,Nahum,2009-07-24
768,Patricia,Christy,Kinnard,1986-12-30
769,Rosanne,Kimberley,Wiener,1993-12-12
770,Orelia,Marylou,Kamaria,1963-09-30
771,Carolina,Ira,Dearborn,1988-12-15
772,Adele,Codie,Aprile,1993-07-09
773,Camile,Stevana,Faso,1975-02-01
774,Cherrita,Hyacinthe,Yate,1964-01-09
775,Aimil,Roslyn,Anestassia,1996-01-09
776,Gretal,Sidoney,Dalli,1964-10-15
777,Joelly,Gabriellia,Boycey,1969-02-23
778,Claresta,Shauna,Emanuel,1960-06-08
779,Amelia,Chastity,Knowling,1953-02-16
780,Krystle,Bibby,Joachim,1950-10-29
781,Maye,Patricia,Daveta,1992-03-27
782,Asia,Constance,Gregrory,1950-05-12
783,Roberta,Ekaterina,Kiersten,2008-11-16
784,Sheree,Mary,Saree,1964-08-27
785,Barbara,Katuscha,Ball,2003-01-11
786,Nita,Millie,Gaspard,1960-10-16
787,Trudie,Natka,Saunderson,1954-01-04
788,Dania,Arlina,Burnside,1960-08-14
789,Candi,Leanna,Thilda,1963-07-16
790,Ana,Correy,Adlare,1962-07-21
791,Estell,Elfreda,Ferrell,2005-03-28
792,Katuscha,Miquela,Ardeha,1957-02-10
793,Chickie,Sallie,Grayce,1995-12-23
794,Raquela,Florie,Penelopa,1959-11-19
795,Merrie,Ninnetta,Suk,1988-10-05
796,Georgina,Merci,Podvin,1979-08-31
797,Harmonia,Shannah,Audly,1977-09-18
798,Viki,Alejandra,Love,1997-07-16
799,Marjie,Mildrid,Kenney,1984-07-15
800,Rubie,Tilly,Lauraine,2000-12-28
801,Phedra,Beatriz,McAdams,1951-11-21
802,Beth,Lilith,Gualtiero,1958-08-31
803,Cassandra,Nadine,Rhu,1961-06-23
804,Heida,Hollie,Bach,1981-06-18
805,Jennica,Jaclyn,Rosalba,1993-04-02
806,Pamella,Caryl,Mallon,1990-05-07
807,Genevra,Allis,Maryanne,1986-09-09
808,Tarra,Kenna,O'Carroll,1962-06-02
809,Eolanda,Emmey,Olympium,2001-03-04
810,Miquela,Kore,Posner,1952-07-01
811,Annaliese,Elka,Haerr,1983-12-22
812,Wileen,Lory,Tyson,2001-07-15
813,Kalina,Ezmeralda,Velick,1958-08-12
814,Coral,Silvana,Liebermann,1962-11-28
815,Luci,Sidoney,Seumas,1957-12-16
816,Dawn,Jessy,Colleen,1960-08-19
817,Jorry,Dulcinea,Gombach,1985-07-14
818,Ingrid,Deedee,Atcliffe,2009-04-27
819,Coral,Aubrie,Kermit,1957-02-03
820,Cathie,Thalia,Lorenz,1952-11-20
821,Frank,Frank,Florina,1976-03-12
822,Gwyneth,Giustina,Tillford,1950-10-22
823,Peri,Tracey,Lattie,1958-01-03
824,Dulce,Nataline,Cookie,1962-10-10
825,Britni,Shirlee,Zeeba,1960-03-02
826,Brianna,Christian,Erlandson,1952-12-25
827,Elka,Lindie,Pascia,1985-12-13
828,Yvonne,Tabbatha,Leopold,1956-07-17
829,Juliane,Betta,Arley,2008-09-18
830,Neila,Asia,Arne,2000-07-29
831,Lynde,Annice,Louanna,2004-02-14
832,Berta,Kalina,Buttaro,1963-12-09
833,Yolane,Jemie,Hermes,1959-10-22
834,Mady,Lyssa,Adamsen,1985-10-20
835,Gretal,Rebeca,Khorma,1987-12-10
836,Kristina,Tabbatha,Lumbard,1967-12-04
837,Mallory,Ada,Vorster,1980-11-14
838,Ileana,Ricky,Rhu,1964-07-20
839,Nita,Lizzie,Publia,1984-08-27
840,Nataline,June,Leonard,1976-06-12
841,Cam,Silvana,Allare,1957-06-29
842,Dulce,Almeta,Weitman,2007-10-09
843,Shel,Jemie,Roscoe,2007-02-07
844,Genevra,Silvana,Buckler,1981-09-13
845,Cassandra,Lorne,Peti,1984-04-17
846,Tierney,Ada,Tomasina,1977-04-28
847,Lynnea,Fayre,Joachim,2006-04-14
848,Eolanda,Nataline,Kannry,1979-09-11
849,Winifred,Ellette,Nicoline,1957-02-04
850,Darlleen,Oona,Sekofski,1984-03-08
851,Marti,Jessy,Zetta,1951-05-17
852,Karolina,Lolita,Middleton,1971-08-05
853,Petronia,Rosene,Rossner,2005-09-30
854,Ingrid,Marcy,Ledah,2001-09-20
855,Briney,Caressa,Reidar,1976-01-04
856,Hayley,Ezmeralda,Kare,1976-05-12
857,Leona,Sadie,Alrich,2005-02-18
858,Myriam,Tierney,Eiser,2003-06-09
859,Jenda,Hildegaard,Cadmar,1984-07-20
860,Priscilla,Ida,Hurley,1979-01-03
861,Ermengarde,Gavrielle,Wiener,2000-12-01
862,Alia,Annecorinne,Plato,1972-03-04
863,Lanna,Desirae,Alisia,1971-10-23
864,Roberta,Annecorinne,Sharl,1988-03-13
865,Atlanta,Merci,Sibyls,1975-06-11
866,Christal,Katleen,Granoff,1981-08-18
867,Diena,Tami,Aloise,1955-03-04
868,Dale,Vita,Bronk,2002-09-20
869,Ginnie,Bee,Charity,1998-05-19
870,Louella,Wanda,Stover,2001-05-16
871,Mureil,Antonietta,Lory,1999-03-05
872,Misha,Quintina,Lacombe,1987-10-10
873,Michaelina,Allyce,Oscar,1968-04-11
874,Fanny,Katharina,Michella,1962-01-11
875,Jenda,Trixi,Bari,2006-11-21
876,Damaris,Alia,Riordan,1989-07-21
877,Mary,Sidoney,MacIntosh,1972-01-01
878,Vonny,Rhoda,Even,1970-05-22
879,Sabina,Tressa,Dawkins,1965-09-09
880,Rubie,Nanete,Cadmar,1973-01-23
881,Stacey,Sam,Garrison,1988-12-15
882,Sindee,Pierette,Toor,1995-11-03
883,Gerianna,Marylou,Bultman,1983-04-23
884,Chere,Gavrielle,Orelee,1970-07-11
885,Delilah,Rhoda,Solitta,1985-08-07
886,Linet,Halette,Eliathas,1985-07-17
887,Jorry,Dennie,Blisse,1962-11-04
888,Adele,Fred,Maryanne,1968-12-03
889,Gilda,Fayre,Maurine,1990-05-23
890,Suzette,Elvira,Stanwood,1998-01-16
891,Donnie,Marsiella,Nance,1964-10-11
892,Miquela,Mamie,Chinua,1988-05-13
893,Lanna,Jillayne,Plato,1964-11-15
894,Vivia,Karly,Alcott,1996-05-06
895,Carree,Claresta,Malanie,1978-08-28
896,Catrina,Tiffie,LaRue,1972-11-13
897,Fawne,Stephanie,Paine,1965-05-04
898,Carree,Meghann,Charity,1963-02-11
899,Ariela,Dede,Uird,1995-09-28
900,Kalina,Ada,Roumell,1996-01-24
901,Kirbee,Elsie,Melleta,1983-09-18
902,Felice,Gertrud,Adamsen,1978-06-12
903,Gisela,Janey,Sidonius,1982-12-10
904,Marti,Kalina,Allina,2000-06-11
905,Lorie,Janey,Dearborn,1989-08-11
906,Tersina,Donetta,Schenck,1963-03-10
907,Cyb,Peri,Nickola,1967-11-07
908,Modestia,Marjie,Jotham,1959-06-10
909,Ebonee,Marnia,Kenney,1986-04-23
910,Angela,Kara-Lynn,Heisel,1968-04-29
911,Mellicent,Ardys,Stanwood,1973-09-12
912,Kate,Britte,Swigart,1960-07-07
913,Almeta,Brynna,Carmena,1967-04-28
914,Dode,Dede,Claudine,1992-04-27
915,Ingrid,Elyssa,Juliet,1971-11-28
916,Tabbatha,Candi,Ruvolo,1971-02-17
917,Amelia,Nickie,LaRue,1983-11-17
918,Charmaine,Ivett,Ailyn,1999-04-12
919,Doro,Emelina,Wallis,1974-06-18
920,Cecile,Suzette,Trinetta,1978-03-04
921,Stevana,Regina,Kaete,1976-08-12
922,Daphne,Jeanna,Engdahl,1999-11-15
923,Nonnah,Christian,Karna,1954-02-28
924,Emylee,Laure,Pozzy,1999-06-01
925,Catharine,Bill,Fleeta,1982-06-25
926,Lorie,Doro,Romelda,1985-06-20
927,Perry,Wilma,Gemini,2008-02-12
928,Abbie,Joleen,Malvino,1989-11-22
929,Alyda,Cassondra,Sawtelle,1969-07-01
930,Maridel,Barbara,Rossner,1965-03-24
931,Demetris,Tressa,Goode,1981-12-09
932,Wendi,Libbie,Yate,1956-09-12
933,Nikki,Dorene,Skell,1985-10-21
934,Augustine,Emilia,Presber,1997-09-01
935,Damaris,Gerrie,Bergman,1981-06-05
936,Dede,Talya,Cloris,1980-01-12
937,Jere,Danika,Maiah,1954-11-03
938,Chastity,Jessamyn,Byrne,1953-08-21
939,Wynne,Rhea,Eno,1983-05-12
940,Dulce,Sissy,Franza,1988-02-07
941,Gwenneth,Annora,Carmena,1957-06-12
942,Feliza,Cyb,Bendick,1967-10-24
943,Lonnie,Adele,Harday,1951-12-17
944,Brooks,Keelia,Terencio,1965-03-18
945,Sybille,Lila,Trace,1998-08-29
946,Dolli,Kalina,Meli,1975-09-09
947,Leia,Danny,Linehan,2000-02-20
948,Monika,Ana,Schroth,1985-12-02
949,Arlena,Tersina,Othilia,1968-10-24
950,Asia,Wendi,Callista,1981-09-02
951,Henriette,Elmira,Arathorn,1959-07-09
952,Ginnie,Adele,Bouchard,1983-06-12
953,Catharine,Aryn,Corabella,1974-08-07
954,Brena,Yolane,Hedve,1996-06-26
955,Frances,Marita,Pelagias,1984-02-06
956,Nataline,Vita,Wattenberg,2004-12-20
957,Goldie,Brooks,Agle,2003-01-16
958,Jessy,Maisey,O'Neill,2006-07-25
959,Beatriz,Darlleen,Dreda,1985-05-26
960,Miquela,Jean,Joeann,1980-06-16
961,Maurene,Aili,Germann,1953-05-18
962,Letizia,Cristabel,Liebermann,1993-01-05
963,Talya,Jenda,Anton,1991-08-17
964,Pamella,Elvira,Gert,1958-10-14
965,Devina,Adriana,Holtz,2003-04-06
966,Chrystel,Lyssa,Ball,1987-09-29
967,Kathi,Arlina,Montgomery,1979-10-22
968,Charmaine,Helsa,Haldas,1978-05-21
969,Roberta,Calla,Septima,1985-09-02
970,Rori,Kerrin,Old,2000-04-07
971,Ericka,Vonny,Sancho,1962-06-23
972,Myrtice,Annora,Deny,1972-03-29
973,Nicoli,Christal,Timon,1973-05-24
974,Olwen,Heddie,Israeli,1983-05-25
975,Tani,Dania,Naor,1959-12-18
976,Candy,Dianemarie,Norvol,1954-10-31
977,Peri,Bibby,Edvard,1961-08-30
978,Babita,Donnie,Shirberg,1953-11-19
979,Patricia,Loree,Forrer,1962-08-06
980,Alie,Kathi,Lilas,1988-10-02
981,Trudie,Clarice,Viddah,1950-09-15
982,Sashenka,Ardeen,Kirbee,2003-11-14
983,Jorry,Lizzie,An,1956-11-10
984,Antonietta,Minne,Yoko,1988-12-26
985,Konstance,Ermengarde,Dalli,1964-06-29
986,Daryl,Ermengarde,Rustice,1967-11-25
987,Ashlee,Fidelia,Weide,1960-07-10
988,Gratia,Jaime,Havens,1969-03-25
989,Konstance,Frieda,Zitvaa,1990-01-08
990,Tiffie,Carlie,Juan,1961-02-12
991,Constance,Danika,Zuzana,1981-06-24
992,Ricky,Elsie,Helve,1973-07-07
993,Genevra,Annabela,Persse,1958-09-19
994,Ottilie,Mara,Leary,1953-12-21
995,Dawn,Deedee,Eben,1985-10-27
996,Shirlee,Nariko,Pulsifer,1961-11-14
997,Collen,Neila,Quinn,1954-01-18
998,Karly,Joy,Creamer,1980-02-28
999,Mary,Babita,Madox,1965-07-24
1000,Jsandye,Karena,Cosenza,1954-07-01
